country,years,value
Afghanistan,1970,0
Albania,1970,0
Algeria,1970,0
Angola,1970,0
Antigua and Barbuda,1970,0
Argentina,1970,0
Armenia,1970,0
Australia,1970,0
Azerbaijan,1970,0
Bangladesh,1970,0
Belgium,1970,0
Benin,1970,0
Bolivia,1970,0
Bosnia and Herzegovina,1970,0
Botswana,1970,87600
Brazil,1970,10000000
Bulgaria,1970,0
Burkina Faso,1970,0
Burundi,1970,0
Cambodia,1970,0
Cameroon,1970,0
Canada,1970,0
Cape Verde,1970,0
Central African Republic,1970,0
Chad,1970,0
Chile,1970,0
China,1970,0
Colombia,1970,0
Comoros,1970,0
"Congo, Dem. Rep.",1970,0
"Congo, Rep.",1970,0
Costa Rica,1970,0
Cote d'Ivoire,1970,0
Croatia,1970,0
Cuba,1970,0
Cyprus,1970,0
Denmark,1970,0
Djibouti,1970,0
Ecuador,1970,0
El Salvador,1970,0
Eritrea,1970,0
Eswatini,1970,0
Ethiopia,1970,0
Fiji,1970,0
France,1970,0
Gambia,1970,0
Georgia,1970,0
Ghana,1970,0
Greece,1970,0
Guatemala,1970,0
Guinea,1970,0
Guinea-Bissau,1970,0
Guyana,1970,0
Haiti,1970,0
Honduras,1970,0
Hungary,1970,0
India,1970,0
Indonesia,1970,0
Iran,1970,0
Iraq,1970,0
Israel,1970,0
Italy,1970,0
Jamaica,1970,0
Japan,1970,0
Jordan,1970,0
Kenya,1970,0
Kiribati,1970,0
Lao,1970,0
Lesotho,1970,0
Liberia,1970,0
Lithuania,1970,0
Madagascar,1970,0
Malawi,1970,0
Malaysia,1970,0
Mali,1970,0
Mauritania,1970,0
Mauritius,1970,0
Mexico,1970,0
"Micronesia, Fed. Sts.",1970,0
Moldova,1970,0
Mongolia,1970,0
Morocco,1970,0
Mozambique,1970,0
Namibia,1970,0
Nepal,1970,0
New Zealand,1970,0
Nicaragua,1970,0
Niger,1970,0
Nigeria,1970,0
North Macedonia,1970,0
Pakistan,1970,0
Panama,1970,0
Papua New Guinea,1970,0
Paraguay,1970,0
Peru,1970,0
Philippines,1970,0
Portugal,1970,0
Romania,1970,0
Russia,1970,0
Rwanda,1970,0
Sao Tome and Principe,1970,0
Senegal,1970,0
Solomon Islands,1970,0
Somalia,1970,0
South Africa,1970,0
South Korea,1970,0
Spain,1970,0
Sri Lanka,1970,0
Sudan,1970,0
Syria,1970,0
Tajikistan,1970,0
Tanzania,1970,0
Thailand,1970,0
Timor-Leste,1970,0
Togo,1970,0
Tunisia,1970,0
Uganda,1970,0
United States,1970,0
Uruguay,1970,0
Uzbekistan,1970,0
Vietnam,1970,0
Zambia,1970,0
Zimbabwe,1970,0
Afghanistan,1971,0
Albania,1971,0
Algeria,1971,0
Angola,1971,0
Antigua and Barbuda,1971,0
Argentina,1971,0
Armenia,1971,0
Australia,1971,0
Azerbaijan,1971,0
Bangladesh,1971,0
Belgium,1971,0
Benin,1971,0
Bolivia,1971,0
Bosnia and Herzegovina,1971,0
Botswana,1971,0
Brazil,1971,0
Bulgaria,1971,0
Burkina Faso,1971,0
Burundi,1971,0
Cambodia,1971,0
Cameroon,1971,400000
Canada,1971,0
Cape Verde,1971,0
Central African Republic,1971,0
Chad,1971,0
Chile,1971,0
China,1971,0
Colombia,1971,0
Comoros,1971,0
"Congo, Dem. Rep.",1971,0
"Congo, Rep.",1971,0
Costa Rica,1971,0
Cote d'Ivoire,1971,0
Croatia,1971,0
Cuba,1971,0
Cyprus,1971,0
Denmark,1971,0
Djibouti,1971,0
Ecuador,1971,0
El Salvador,1971,0
Eritrea,1971,0
Eswatini,1971,0
Ethiopia,1971,0
Fiji,1971,0
France,1971,0
Gambia,1971,0
Georgia,1971,0
Ghana,1971,12000
Greece,1971,0
Guatemala,1971,0
Guinea,1971,0
Guinea-Bissau,1971,0
Guyana,1971,0
Haiti,1971,0
Honduras,1971,0
Hungary,1971,0
India,1971,0
Indonesia,1971,0
Iran,1971,0
Iraq,1971,0
Israel,1971,0
Italy,1971,0
Jamaica,1971,0
Japan,1971,0
Jordan,1971,0
Kenya,1971,150000
Kiribati,1971,0
Lao,1971,0
Lesotho,1971,0
Liberia,1971,0
Lithuania,1971,0
Madagascar,1971,0
Malawi,1971,0
Malaysia,1971,0
Mali,1971,0
Mauritania,1971,0
Mauritius,1971,0
Mexico,1971,0
"Micronesia, Fed. Sts.",1971,0
Moldova,1971,0
Mongolia,1971,0
Morocco,1971,137000
Mozambique,1971,0
Namibia,1971,0
Nepal,1971,0
New Zealand,1971,0
Nicaragua,1971,0
Niger,1971,0
Nigeria,1971,0
North Macedonia,1971,0
Pakistan,1971,0
Panama,1971,0
Papua New Guinea,1971,0
Paraguay,1971,0
Peru,1971,0
Philippines,1971,0
Portugal,1971,0
Romania,1971,0
Russia,1971,0
Rwanda,1971,0
Sao Tome and Principe,1971,0
Senegal,1971,0
Solomon Islands,1971,0
Somalia,1971,0
South Africa,1971,0
South Korea,1971,0
Spain,1971,0
Sri Lanka,1971,0
Sudan,1971,0
Syria,1971,0
Tajikistan,1971,0
Tanzania,1971,0
Thailand,1971,0
Timor-Leste,1971,0
Togo,1971,150000
Tunisia,1971,0
Uganda,1971,0
United States,1971,0
Uruguay,1971,0
Uzbekistan,1971,0
Vietnam,1971,0
Zambia,1971,0
Zimbabwe,1971,0
Afghanistan,1972,0
Albania,1972,0
Algeria,1972,0
Angola,1972,0
Antigua and Barbuda,1972,0
Argentina,1972,0
Armenia,1972,0
Australia,1972,0
Azerbaijan,1972,0
Bangladesh,1972,0
Belgium,1972,0
Benin,1972,0
Bolivia,1972,0
Bosnia and Herzegovina,1972,0
Botswana,1972,0
Brazil,1972,0
Bulgaria,1972,0
Burkina Faso,1972,0
Burundi,1972,0
Cambodia,1972,0
Cameroon,1972,0
Canada,1972,0
Cape Verde,1972,0
Central African Republic,1972,0
Chad,1972,0
Chile,1972,0
China,1972,0
Colombia,1972,0
Comoros,1972,0
"Congo, Dem. Rep.",1972,0
"Congo, Rep.",1972,0
Costa Rica,1972,0
Cote d'Ivoire,1972,0
Croatia,1972,0
Cuba,1972,0
Cyprus,1972,0
Denmark,1972,0
Djibouti,1972,0
Ecuador,1972,0
El Salvador,1972,0
Eritrea,1972,0
Eswatini,1972,0
Ethiopia,1972,0
Fiji,1972,0
France,1972,0
Gambia,1972,0
Georgia,1972,0
Ghana,1972,0
Greece,1972,0
Guatemala,1972,0
Guinea,1972,0
Guinea-Bissau,1972,0
Guyana,1972,0
Haiti,1972,0
Honduras,1972,300000
Hungary,1972,0
India,1972,200000000
Indonesia,1972,3500000
Iran,1972,0
Iraq,1972,0
Israel,1972,0
Italy,1972,0
Jamaica,1972,0
Japan,1972,0
Jordan,1972,0
Kenya,1972,0
Kiribati,1972,0
Lao,1972,0
Lesotho,1972,0
Liberia,1972,0
Lithuania,1972,0
Madagascar,1972,0
Malawi,1972,0
Malaysia,1972,0
Mali,1972,0
Mauritania,1972,0
Mauritius,1972,0
Mexico,1972,0
"Micronesia, Fed. Sts.",1972,0
Moldova,1972,0
Mongolia,1972,0
Morocco,1972,0
Mozambique,1972,0
Namibia,1972,0
Nepal,1972,900000
New Zealand,1972,0
Nicaragua,1972,0
Niger,1972,0
Nigeria,1972,0
North Macedonia,1972,0
Pakistan,1972,0
Panama,1972,0
Papua New Guinea,1972,0
Paraguay,1972,0
Peru,1972,0
Philippines,1972,0
Portugal,1972,0
Romania,1972,0
Russia,1972,0
Rwanda,1972,0
Sao Tome and Principe,1972,0
Senegal,1972,0
Solomon Islands,1972,0
Somalia,1972,0
South Africa,1972,0
South Korea,1972,0
Spain,1972,0
Sri Lanka,1972,0
Sudan,1972,0
Syria,1972,0
Tajikistan,1972,0
Tanzania,1972,0
Thailand,1972,0
Timor-Leste,1972,0
Togo,1972,0
Tunisia,1972,0
Uganda,1972,0
United States,1972,0
Uruguay,1972,0
Uzbekistan,1972,0
Vietnam,1972,0
Zambia,1972,0
Zimbabwe,1972,0
Afghanistan,1973,0
Albania,1973,0
Algeria,1973,0
Angola,1973,0
Antigua and Barbuda,1973,0
Argentina,1973,0
Armenia,1973,0
Australia,1973,0
Azerbaijan,1973,0
Bangladesh,1973,0
Belgium,1973,0
Benin,1973,0
Bolivia,1973,0
Bosnia and Herzegovina,1973,0
Botswana,1973,0
Brazil,1973,0
Bulgaria,1973,0
Burkina Faso,1973,0
Burundi,1973,0
Cambodia,1973,0
Cameroon,1973,0
Canada,1973,0
Cape Verde,1973,0
Central African Republic,1973,0
Chad,1973,0
Chile,1973,0
China,1973,0
Colombia,1973,0
Comoros,1973,0
"Congo, Dem. Rep.",1973,0
"Congo, Rep.",1973,0
Costa Rica,1973,0
Cote d'Ivoire,1973,0
Croatia,1973,0
Cuba,1973,0
Cyprus,1973,0
Denmark,1973,0
Djibouti,1973,0
Ecuador,1973,0
El Salvador,1973,0
Eritrea,1973,0
Eswatini,1973,0
Ethiopia,1973,3100000
Fiji,1973,0
France,1973,0
Gambia,1973,0
Georgia,1973,0
Ghana,1973,0
Greece,1973,0
Guatemala,1973,0
Guinea,1973,0
Guinea-Bissau,1973,0
Guyana,1973,0
Haiti,1973,0
Honduras,1973,0
Hungary,1973,0
India,1973,0
Indonesia,1973,0
Iran,1973,0
Iraq,1973,0
Israel,1973,0
Italy,1973,0
Jamaica,1973,0
Japan,1973,0
Jordan,1973,0
Kenya,1973,0
Kiribati,1973,0
Lao,1973,0
Lesotho,1973,0
Liberia,1973,0
Lithuania,1973,0
Madagascar,1973,0
Malawi,1973,0
Malaysia,1973,0
Mali,1973,0
Mauritania,1973,0
Mauritius,1973,0
Mexico,1973,0
"Micronesia, Fed. Sts.",1973,0
Moldova,1973,0
Mongolia,1973,0
Morocco,1973,0
Mozambique,1973,0
Namibia,1973,0
Nepal,1973,0
New Zealand,1973,0
Nicaragua,1973,0
Niger,1973,0
Nigeria,1973,0
North Macedonia,1973,0
Pakistan,1973,0
Panama,1973,0
Papua New Guinea,1973,0
Paraguay,1973,0
Peru,1973,0
Philippines,1973,0
Portugal,1973,0
Romania,1973,0
Russia,1973,0
Rwanda,1973,0
Sao Tome and Principe,1973,0
Senegal,1973,0
Solomon Islands,1973,0
Somalia,1973,249000
South Africa,1973,0
South Korea,1973,0
Spain,1973,0
Sri Lanka,1973,0
Sudan,1973,0
Syria,1973,0
Tajikistan,1973,0
Tanzania,1973,0
Thailand,1973,0
Timor-Leste,1973,0
Togo,1973,0
Tunisia,1973,0
Uganda,1973,0
United States,1973,0
Uruguay,1973,0
Uzbekistan,1973,0
Vietnam,1973,0
Zambia,1973,0
Zimbabwe,1973,0
Afghanistan,1974,0
Albania,1974,0
Algeria,1974,0
Angola,1974,0
Antigua and Barbuda,1974,0
Argentina,1974,0
Armenia,1974,0
Australia,1974,0
Azerbaijan,1974,0
Bangladesh,1974,0
Belgium,1974,0
Benin,1974,0
Bolivia,1974,0
Bosnia and Herzegovina,1974,0
Botswana,1974,0
Brazil,1974,0
Bulgaria,1974,0
Burkina Faso,1974,0
Burundi,1974,0
Cambodia,1974,0
Cameroon,1974,0
Canada,1974,0
Cape Verde,1974,0
Central African Republic,1974,0
Chad,1974,0
Chile,1974,0
China,1974,0
Colombia,1974,0
Comoros,1974,0
"Congo, Dem. Rep.",1974,0
"Congo, Rep.",1974,0
Costa Rica,1974,0
Cote d'Ivoire,1974,0
Croatia,1974,0
Cuba,1974,0
Cyprus,1974,0
Denmark,1974,0
Djibouti,1974,0
Ecuador,1974,0
El Salvador,1974,0
Eritrea,1974,0
Eswatini,1974,0
Ethiopia,1974,0
Fiji,1974,0
France,1974,0
Gambia,1974,0
Georgia,1974,0
Ghana,1974,0
Greece,1974,0
Guatemala,1974,0
Guinea,1974,0
Guinea-Bissau,1974,0
Guyana,1974,0
Haiti,1974,507000
Honduras,1974,0
Hungary,1974,0
India,1974,0
Indonesia,1974,0
Iran,1974,0
Iraq,1974,0
Israel,1974,0
Italy,1974,0
Jamaica,1974,0
Japan,1974,0
Jordan,1974,0
Kenya,1974,0
Kiribati,1974,0
Lao,1974,0
Lesotho,1974,0
Liberia,1974,0
Lithuania,1974,0
Madagascar,1974,0
Malawi,1974,0
Malaysia,1974,0
Mali,1974,0
Mauritania,1974,0
Mauritius,1974,0
Mexico,1974,0
"Micronesia, Fed. Sts.",1974,0
Moldova,1974,0
Mongolia,1974,0
Morocco,1974,0
Mozambique,1974,0
Namibia,1974,0
Nepal,1974,0
New Zealand,1974,0
Nicaragua,1974,0
Niger,1974,0
Nigeria,1974,0
North Macedonia,1974,0
Pakistan,1974,0
Panama,1974,0
Papua New Guinea,1974,0
Paraguay,1974,0
Peru,1974,0
Philippines,1974,0
Portugal,1974,0
Romania,1974,0
Russia,1974,0
Rwanda,1974,0
Sao Tome and Principe,1974,0
Senegal,1974,0
Solomon Islands,1974,0
Somalia,1974,0
South Africa,1974,0
South Korea,1974,0
Spain,1974,0
Sri Lanka,1974,0
Sudan,1974,0
Syria,1974,0
Tajikistan,1974,0
Tanzania,1974,0
Thailand,1974,0
Timor-Leste,1974,0
Togo,1974,0
Tunisia,1974,0
Uganda,1974,0
United States,1974,0
Uruguay,1974,0
Uzbekistan,1974,0
Vietnam,1974,0
Zambia,1974,0
Zimbabwe,1974,0
Afghanistan,1975,0
Albania,1975,0
Algeria,1975,0
Angola,1975,0
Antigua and Barbuda,1975,0
Argentina,1975,0
Armenia,1975,0
Australia,1975,0
Azerbaijan,1975,0
Bangladesh,1975,0
Belgium,1975,0
Benin,1975,0
Bolivia,1975,0
Bosnia and Herzegovina,1975,0
Botswana,1975,0
Brazil,1975,0
Bulgaria,1975,0
Burkina Faso,1975,0
Burundi,1975,0
Cambodia,1975,0
Cameroon,1975,0
Canada,1975,0
Cape Verde,1975,0
Central African Republic,1975,0
Chad,1975,0
Chile,1975,0
China,1975,0
Colombia,1975,0
Comoros,1975,0
"Congo, Dem. Rep.",1975,0
"Congo, Rep.",1975,0
Costa Rica,1975,0
Cote d'Ivoire,1975,0
Croatia,1975,0
Cuba,1975,0
Cyprus,1975,0
Denmark,1975,0
Djibouti,1975,0
Ecuador,1975,0
El Salvador,1975,0
Eritrea,1975,0
Eswatini,1975,0
Ethiopia,1975,0
Fiji,1975,0
France,1975,0
Gambia,1975,0
Georgia,1975,0
Ghana,1975,0
Greece,1975,0
Guatemala,1975,0
Guinea,1975,0
Guinea-Bissau,1975,0
Guyana,1975,0
Haiti,1975,0
Honduras,1975,0
Hungary,1975,0
India,1975,0
Indonesia,1975,0
Iran,1975,0
Iraq,1975,0
Israel,1975,0
Italy,1975,0
Jamaica,1975,0
Japan,1975,0
Jordan,1975,0
Kenya,1975,0
Kiribati,1975,0
Lao,1975,0
Lesotho,1975,0
Liberia,1975,0
Lithuania,1975,0
Madagascar,1975,0
Malawi,1975,0
Malaysia,1975,0
Mali,1975,0
Mauritania,1975,0
Mauritius,1975,0
Mexico,1975,0
"Micronesia, Fed. Sts.",1975,0
Moldova,1975,0
Mongolia,1975,0
Morocco,1975,0
Mozambique,1975,0
Namibia,1975,0
Nepal,1975,0
New Zealand,1975,0
Nicaragua,1975,0
Niger,1975,0
Nigeria,1975,0
North Macedonia,1975,0
Pakistan,1975,0
Panama,1975,0
Papua New Guinea,1975,0
Paraguay,1975,0
Peru,1975,0
Philippines,1975,0
Portugal,1975,0
Romania,1975,0
Russia,1975,0
Rwanda,1975,0
Sao Tome and Principe,1975,0
Senegal,1975,0
Solomon Islands,1975,0
Somalia,1975,0
South Africa,1975,0
South Korea,1975,0
Spain,1975,0
Sri Lanka,1975,0
Sudan,1975,0
Syria,1975,0
Tajikistan,1975,0
Tanzania,1975,0
Thailand,1975,0
Timor-Leste,1975,0
Togo,1975,0
Tunisia,1975,0
Uganda,1975,0
United States,1975,0
Uruguay,1975,0
Uzbekistan,1975,0
Vietnam,1975,0
Zambia,1975,0
Zimbabwe,1975,0
Afghanistan,1976,0
Albania,1976,0
Algeria,1976,0
Angola,1976,0
Antigua and Barbuda,1976,0
Argentina,1976,0
Armenia,1976,0
Australia,1976,0
Azerbaijan,1976,0
Bangladesh,1976,0
Belgium,1976,0
Benin,1976,0
Bolivia,1976,0
Bosnia and Herzegovina,1976,0
Botswana,1976,0
Brazil,1976,0
Bulgaria,1976,0
Burkina Faso,1976,442000
Burundi,1976,0
Cambodia,1976,0
Cameroon,1976,0
Canada,1976,0
Cape Verde,1976,0
Central African Republic,1976,0
Chad,1976,0
Chile,1976,0
China,1976,0
Colombia,1976,0
Comoros,1976,0
"Congo, Dem. Rep.",1976,0
"Congo, Rep.",1976,0
Costa Rica,1976,0
Cote d'Ivoire,1976,0
Croatia,1976,0
Cuba,1976,0
Cyprus,1976,0
Denmark,1976,0
Djibouti,1976,0
Ecuador,1976,0
El Salvador,1976,0
Eritrea,1976,0
Eswatini,1976,0
Ethiopia,1976,0
Fiji,1976,0
France,1976,0
Gambia,1976,0
Georgia,1976,0
Ghana,1976,0
Greece,1976,0
Guatemala,1976,0
Guinea,1976,0
Guinea-Bissau,1976,0
Guyana,1976,0
Haiti,1976,0
Honduras,1976,0
Hungary,1976,0
India,1976,0
Indonesia,1976,0
Iran,1976,0
Iraq,1976,0
Israel,1976,0
Italy,1976,0
Jamaica,1976,0
Japan,1976,0
Jordan,1976,0
Kenya,1976,0
Kiribati,1976,0
Lao,1976,0
Lesotho,1976,0
Liberia,1976,0
Lithuania,1976,0
Madagascar,1976,0
Malawi,1976,0
Malaysia,1976,0
Mali,1976,0
Mauritania,1976,1420000
Mauritius,1976,0
Mexico,1976,0
"Micronesia, Fed. Sts.",1976,0
Moldova,1976,0
Mongolia,1976,0
Morocco,1976,0
Mozambique,1976,0
Namibia,1976,0
Nepal,1976,0
New Zealand,1976,0
Nicaragua,1976,0
Niger,1976,0
Nigeria,1976,0
North Macedonia,1976,0
Pakistan,1976,0
Panama,1976,0
Papua New Guinea,1976,0
Paraguay,1976,0
Peru,1976,0
Philippines,1976,0
Portugal,1976,0
Romania,1976,0
Russia,1976,0
Rwanda,1976,1700000
Sao Tome and Principe,1976,0
Senegal,1976,3720000
Solomon Islands,1976,0
Somalia,1976,0
South Africa,1976,0
South Korea,1976,0
Spain,1976,0
Sri Lanka,1976,0
Sudan,1976,0
Syria,1976,0
Tajikistan,1976,0
Tanzania,1976,0
Thailand,1976,0
Timor-Leste,1976,0
Togo,1976,0
Tunisia,1976,0
Uganda,1976,0
United States,1976,0
Uruguay,1976,0
Uzbekistan,1976,0
Vietnam,1976,0
Zambia,1976,0
Zimbabwe,1976,0
Afghanistan,1977,0
Albania,1977,0
Algeria,1977,0
Angola,1977,0
Antigua and Barbuda,1977,0
Argentina,1977,0
Armenia,1977,0
Australia,1977,0
Azerbaijan,1977,0
Bangladesh,1977,0
Belgium,1977,0
Benin,1977,0
Bolivia,1977,0
Bosnia and Herzegovina,1977,0
Botswana,1977,0
Brazil,1977,0
Bulgaria,1977,0
Burkina Faso,1977,0
Burundi,1977,0
Cambodia,1977,0
Cameroon,1977,0
Canada,1977,0
Cape Verde,1977,0
Central African Republic,1977,0
Chad,1977,0
Chile,1977,0
China,1977,0
Colombia,1977,0
Comoros,1977,0
"Congo, Dem. Rep.",1977,0
"Congo, Rep.",1977,0
Costa Rica,1977,0
Cote d'Ivoire,1977,0
Croatia,1977,0
Cuba,1977,0
Cyprus,1977,0
Denmark,1977,0
Djibouti,1977,0
Ecuador,1977,0
El Salvador,1977,0
Eritrea,1977,0
Eswatini,1977,0
Ethiopia,1977,0
Fiji,1977,0
France,1977,0
Gambia,1977,0
Georgia,1977,0
Ghana,1977,0
Greece,1977,0
Guatemala,1977,0
Guinea,1977,0
Guinea-Bissau,1977,0
Guyana,1977,0
Haiti,1977,450000
Honduras,1977,0
Hungary,1977,0
India,1977,0
Indonesia,1977,0
Iran,1977,0
Iraq,1977,0
Israel,1977,0
Italy,1977,0
Jamaica,1977,0
Japan,1977,0
Jordan,1977,0
Kenya,1977,0
Kiribati,1977,0
Lao,1977,3500000
Lesotho,1977,0
Liberia,1977,0
Lithuania,1977,0
Madagascar,1977,0
Malawi,1977,0
Malaysia,1977,0
Mali,1977,0
Mauritania,1977,0
Mauritius,1977,0
Mexico,1977,0
"Micronesia, Fed. Sts.",1977,0
Moldova,1977,0
Mongolia,1977,0
Morocco,1977,0
Mozambique,1977,0
Namibia,1977,0
Nepal,1977,0
New Zealand,1977,0
Nicaragua,1977,0
Niger,1977,0
Nigeria,1977,0
North Macedonia,1977,0
Pakistan,1977,0
Panama,1977,0
Papua New Guinea,1977,0
Paraguay,1977,0
Peru,1977,0
Philippines,1977,0
Portugal,1977,0
Romania,1977,0
Russia,1977,0
Rwanda,1977,0
Sao Tome and Principe,1977,0
Senegal,1977,0
Solomon Islands,1977,0
Somalia,1977,0
South Africa,1977,0
South Korea,1977,0
Spain,1977,0
Sri Lanka,1977,250000
Sudan,1977,0
Syria,1977,0
Tajikistan,1977,0
Tanzania,1977,20000
Thailand,1977,0
Timor-Leste,1977,0
Togo,1977,0
Tunisia,1977,31400
Uganda,1977,0
United States,1977,0
Uruguay,1977,0
Uzbekistan,1977,0
Vietnam,1977,0
Zambia,1977,0
Zimbabwe,1977,0
Afghanistan,1978,0
Albania,1978,0
Algeria,1978,0
Angola,1978,0
Antigua and Barbuda,1978,0
Argentina,1978,0
Armenia,1978,0
Australia,1978,0
Azerbaijan,1978,0
Bangladesh,1978,0
Belgium,1978,0
Benin,1978,0
Bolivia,1978,0
Bosnia and Herzegovina,1978,0
Botswana,1978,0
Brazil,1978,0
Bulgaria,1978,0
Burkina Faso,1978,0
Burundi,1978,0
Cambodia,1978,0
Cameroon,1978,0
Canada,1978,0
Cape Verde,1978,0
Central African Republic,1978,0
Chad,1978,0
Chile,1978,0
China,1978,6000000
Colombia,1978,0
Comoros,1978,0
"Congo, Dem. Rep.",1978,500000
"Congo, Rep.",1978,0
Costa Rica,1978,0
Cote d'Ivoire,1978,0
Croatia,1978,0
Cuba,1978,0
Cyprus,1978,0
Denmark,1978,0
Djibouti,1978,0
Ecuador,1978,0
El Salvador,1978,0
Eritrea,1978,0
Eswatini,1978,0
Ethiopia,1978,0
Fiji,1978,0
France,1978,0
Gambia,1978,0
Georgia,1978,0
Ghana,1978,0
Greece,1978,0
Guatemala,1978,0
Guinea,1978,0
Guinea-Bissau,1978,0
Guyana,1978,0
Haiti,1978,0
Honduras,1978,0
Hungary,1978,0
India,1978,0
Indonesia,1978,17300
Iran,1978,0
Iraq,1978,0
Israel,1978,0
Italy,1978,0
Jamaica,1978,0
Japan,1978,0
Jordan,1978,0
Kenya,1978,0
Kiribati,1978,0
Lao,1978,0
Lesotho,1978,0
Liberia,1978,0
Lithuania,1978,0
Madagascar,1978,0
Malawi,1978,0
Malaysia,1978,0
Mali,1978,0
Mauritania,1978,27000
Mauritius,1978,0
Mexico,1978,0
"Micronesia, Fed. Sts.",1978,0
Moldova,1978,0
Mongolia,1978,0
Morocco,1978,0
Mozambique,1978,0
Namibia,1978,0
Nepal,1978,0
New Zealand,1978,0
Nicaragua,1978,0
Niger,1978,0
Nigeria,1978,0
North Macedonia,1978,0
Pakistan,1978,0
Panama,1978,0
Papua New Guinea,1978,0
Paraguay,1978,0
Peru,1978,0
Philippines,1978,3670
Portugal,1978,0
Romania,1978,0
Russia,1978,0
Rwanda,1978,0
Sao Tome and Principe,1978,0
Senegal,1978,0
Solomon Islands,1978,0
Somalia,1978,0
South Africa,1978,0
South Korea,1978,0
Spain,1978,0
Sri Lanka,1978,0
Sudan,1978,0
Syria,1978,0
Tajikistan,1978,0
Tanzania,1978,0
Thailand,1978,0
Timor-Leste,1978,0
Togo,1978,0
Tunisia,1978,0
Uganda,1978,0
United States,1978,0
Uruguay,1978,0
Uzbekistan,1978,0
Vietnam,1978,0
Zambia,1978,0
Zimbabwe,1978,0
Afghanistan,1979,0
Albania,1979,0
Algeria,1979,0
Angola,1979,0
Antigua and Barbuda,1979,0
Argentina,1979,0
Armenia,1979,0
Australia,1979,0
Azerbaijan,1979,0
Bangladesh,1979,2020
Belgium,1979,0
Benin,1979,0
Bolivia,1979,0
Bosnia and Herzegovina,1979,0
Botswana,1979,0
Brazil,1979,5000000
Bulgaria,1979,0
Burkina Faso,1979,0
Burundi,1979,0
Cambodia,1979,0
Cameroon,1979,0
Canada,1979,0
Cape Verde,1979,0
Central African Republic,1979,0
Chad,1979,0
Chile,1979,0
China,1979,0
Colombia,1979,0
Comoros,1979,0
"Congo, Dem. Rep.",1979,0
"Congo, Rep.",1979,0
Costa Rica,1979,0
Cote d'Ivoire,1979,0
Croatia,1979,0
Cuba,1979,0
Cyprus,1979,0
Denmark,1979,0
Djibouti,1979,0
Ecuador,1979,0
El Salvador,1979,0
Eritrea,1979,0
Eswatini,1979,0
Ethiopia,1979,0
Fiji,1979,0
France,1979,0
Gambia,1979,0
Georgia,1979,0
Ghana,1979,0
Greece,1979,0
Guatemala,1979,0
Guinea,1979,0
Guinea-Bissau,1979,0
Guyana,1979,0
Haiti,1979,0
Honduras,1979,0
Hungary,1979,0
India,1979,10000000
Indonesia,1979,0
Iran,1979,0
Iraq,1979,0
Israel,1979,0
Italy,1979,0
Jamaica,1979,0
Japan,1979,0
Jordan,1979,0
Kenya,1979,40000
Kiribati,1979,0
Lao,1979,0
Lesotho,1979,0
Liberia,1979,0
Lithuania,1979,0
Madagascar,1979,0
Malawi,1979,0
Malaysia,1979,0
Mali,1979,0
Mauritania,1979,0
Mauritius,1979,0
Mexico,1979,0
"Micronesia, Fed. Sts.",1979,0
Moldova,1979,0
Mongolia,1979,0
Morocco,1979,0
Mozambique,1979,6000000
Namibia,1979,0
Nepal,1979,3500000
New Zealand,1979,0
Nicaragua,1979,0
Niger,1979,0
Nigeria,1979,0
North Macedonia,1979,0
Pakistan,1979,0
Panama,1979,0
Papua New Guinea,1979,0
Paraguay,1979,0
Peru,1979,0
Philippines,1979,0
Portugal,1979,0
Romania,1979,0
Russia,1979,0
Rwanda,1979,0
Sao Tome and Principe,1979,0
Senegal,1979,950000
Solomon Islands,1979,0
Somalia,1979,0
South Africa,1979,0
South Korea,1979,0
Spain,1979,0
Sri Lanka,1979,0
Sudan,1979,0
Syria,1979,0
Tajikistan,1979,0
Tanzania,1979,0
Thailand,1979,0
Timor-Leste,1979,0
Togo,1979,0
Tunisia,1979,0
Uganda,1979,500000
United States,1979,0
Uruguay,1979,0
Uzbekistan,1979,0
Vietnam,1979,0
Zambia,1979,0
Zimbabwe,1979,0
Afghanistan,1980,0
Albania,1980,0
Algeria,1980,0
Angola,1980,0
Antigua and Barbuda,1980,0
Argentina,1980,0
Armenia,1980,0
Australia,1980,0
Azerbaijan,1980,0
Bangladesh,1980,0
Belgium,1980,0
Benin,1980,2100000
Bolivia,1980,0
Bosnia and Herzegovina,1980,0
Botswana,1980,0
Brazil,1980,0
Bulgaria,1980,0
Burkina Faso,1980,1250000
Burundi,1980,0
Cambodia,1980,0
Cameroon,1980,0
Canada,1980,0
Cape Verde,1980,0
Central African Republic,1980,0
Chad,1980,0
Chile,1980,0
China,1980,0
Colombia,1980,0
Comoros,1980,0
"Congo, Dem. Rep.",1980,0
"Congo, Rep.",1980,0
Costa Rica,1980,0
Cote d'Ivoire,1980,0
Croatia,1980,0
Cuba,1980,0
Cyprus,1980,0
Denmark,1980,0
Djibouti,1980,145000
Ecuador,1980,0
El Salvador,1980,0
Eritrea,1980,0
Eswatini,1980,0
Ethiopia,1980,0
Fiji,1980,0
France,1980,0
Gambia,1980,500000
Georgia,1980,0
Ghana,1980,12500000
Greece,1980,0
Guatemala,1980,0
Guinea,1980,0
Guinea-Bissau,1980,0
Guyana,1980,0
Haiti,1980,103000
Honduras,1980,0
Hungary,1980,0
India,1980,0
Indonesia,1980,0
Iran,1980,0
Iraq,1980,0
Israel,1980,0
Italy,1980,0
Jamaica,1980,0
Japan,1980,0
Jordan,1980,0
Kenya,1980,0
Kiribati,1980,0
Lao,1980,0
Lesotho,1980,0
Liberia,1980,0
Lithuania,1980,0
Madagascar,1980,0
Malawi,1980,0
Malaysia,1980,0
Mali,1980,1500000
Mauritania,1980,1600000
Mauritius,1980,0
Mexico,1980,0
"Micronesia, Fed. Sts.",1980,0
Moldova,1980,0
Mongolia,1980,0
Morocco,1980,0
Mozambique,1980,0
Namibia,1980,0
Nepal,1980,0
New Zealand,1980,0
Nicaragua,1980,0
Niger,1980,3500000
Nigeria,1980,0
North Macedonia,1980,0
Pakistan,1980,0
Panama,1980,0
Papua New Guinea,1980,40000
Paraguay,1980,0
Peru,1980,0
Philippines,1980,1000000
Portugal,1980,0
Romania,1980,0
Russia,1980,0
Rwanda,1980,0
Sao Tome and Principe,1980,0
Senegal,1980,1200000
Solomon Islands,1980,0
Somalia,1980,0
South Africa,1980,0
South Korea,1980,0
Spain,1980,0
Sri Lanka,1980,0
Sudan,1980,0
Syria,1980,0
Tajikistan,1980,0
Tanzania,1980,0
Thailand,1980,0
Timor-Leste,1980,0
Togo,1980,0
Tunisia,1980,0
Uganda,1980,0
United States,1980,0
Uruguay,1980,0
Uzbekistan,1980,0
Vietnam,1980,0
Zambia,1980,0
Zimbabwe,1980,0
Afghanistan,1981,0
Albania,1981,0
Algeria,1981,0
Angola,1981,80000
Antigua and Barbuda,1981,0
Argentina,1981,0
Armenia,1981,0
Australia,1981,80000
Azerbaijan,1981,0
Bangladesh,1981,0
Belgium,1981,0
Benin,1981,0
Bolivia,1981,0
Bosnia and Herzegovina,1981,0
Botswana,1981,1040000
Brazil,1981,0
Bulgaria,1981,0
Burkina Faso,1981,0
Burundi,1981,0
Cambodia,1981,0
Cameroon,1981,0
Canada,1981,0
Cape Verde,1981,0
Central African Republic,1981,0
Chad,1981,0
Chile,1981,0
China,1981,0
Colombia,1981,0
Comoros,1981,0
"Congo, Dem. Rep.",1981,0
"Congo, Rep.",1981,0
Costa Rica,1981,0
Cote d'Ivoire,1981,0
Croatia,1981,0
Cuba,1981,0
Cyprus,1981,0
Denmark,1981,0
Djibouti,1981,0
Ecuador,1981,0
El Salvador,1981,0
Eritrea,1981,0
Eswatini,1981,500
Ethiopia,1981,0
Fiji,1981,0
France,1981,0
Gambia,1981,0
Georgia,1981,0
Ghana,1981,0
Greece,1981,0
Guatemala,1981,0
Guinea,1981,0
Guinea-Bissau,1981,0
Guyana,1981,0
Haiti,1981,0
Honduras,1981,0
Hungary,1981,0
India,1981,0
Indonesia,1981,0
Iran,1981,0
Iraq,1981,0
Israel,1981,0
Italy,1981,0
Jamaica,1981,0
Japan,1981,0
Jordan,1981,0
Kenya,1981,0
Kiribati,1981,0
Lao,1981,0
Lesotho,1981,0
Liberia,1981,0
Lithuania,1981,0
Madagascar,1981,1000000
Malawi,1981,0
Malaysia,1981,0
Mali,1981,0
Mauritania,1981,0
Mauritius,1981,0
Mexico,1981,0
"Micronesia, Fed. Sts.",1981,0
Moldova,1981,0
Mongolia,1981,0
Morocco,1981,0
Mozambique,1981,4850000
Namibia,1981,0
Nepal,1981,0
New Zealand,1981,0
Nicaragua,1981,0
Niger,1981,0
Nigeria,1981,3000000
North Macedonia,1981,0
Pakistan,1981,0
Panama,1981,0
Papua New Guinea,1981,0
Paraguay,1981,0
Peru,1981,0
Philippines,1981,0
Portugal,1981,0
Romania,1981,0
Russia,1981,0
Rwanda,1981,0
Sao Tome and Principe,1981,0
Senegal,1981,0
Solomon Islands,1981,0
Somalia,1981,0
South Africa,1981,0
South Korea,1981,0
Spain,1981,0
Sri Lanka,1981,0
Sudan,1981,0
Syria,1981,0
Tajikistan,1981,0
Tanzania,1981,0
Thailand,1981,0
Timor-Leste,1981,0
Togo,1981,0
Tunisia,1981,0
Uganda,1981,0
United States,1981,0
Uruguay,1981,0
Uzbekistan,1981,0
Vietnam,1981,0
Zambia,1981,0
Zimbabwe,1981,700000
Afghanistan,1982,0
Albania,1982,0
Algeria,1982,0
Angola,1982,0
Antigua and Barbuda,1982,0
Argentina,1982,0
Armenia,1982,0
Australia,1982,0
Azerbaijan,1982,0
Bangladesh,1982,20000000
Belgium,1982,0
Benin,1982,0
Bolivia,1982,0
Bosnia and Herzegovina,1982,0
Botswana,1982,0
Brazil,1982,0
Bulgaria,1982,0
Burkina Faso,1982,0
Burundi,1982,0
Cambodia,1982,0
Cameroon,1982,0
Canada,1982,0
Cape Verde,1982,0
Central African Republic,1982,0
Chad,1982,0
Chile,1982,0
China,1982,0
Colombia,1982,0
Comoros,1982,0
"Congo, Dem. Rep.",1982,0
"Congo, Rep.",1982,0
Costa Rica,1982,0
Cote d'Ivoire,1982,0
Croatia,1982,0
Cuba,1982,0
Cyprus,1982,0
Denmark,1982,0
Djibouti,1982,0
Ecuador,1982,0
El Salvador,1982,0
Eritrea,1982,0
Eswatini,1982,0
Ethiopia,1982,0
Fiji,1982,0
France,1982,0
Gambia,1982,0
Georgia,1982,0
Ghana,1982,0
Greece,1982,0
Guatemala,1982,0
Guinea,1982,0
Guinea-Bissau,1982,0
Guyana,1982,0
Haiti,1982,0
Honduras,1982,0
Hungary,1982,0
India,1982,100000000
Indonesia,1982,280
Iran,1982,0
Iraq,1982,0
Israel,1982,0
Italy,1982,0
Jamaica,1982,0
Japan,1982,0
Jordan,1982,0
Kenya,1982,0
Kiribati,1982,0
Lao,1982,0
Lesotho,1982,0
Liberia,1982,0
Lithuania,1982,0
Madagascar,1982,0
Malawi,1982,0
Malaysia,1982,0
Mali,1982,0
Mauritania,1982,0
Mauritius,1982,0
Mexico,1982,0
"Micronesia, Fed. Sts.",1982,0
Moldova,1982,0
Mongolia,1982,0
Morocco,1982,0
Mozambique,1982,0
Namibia,1982,0
Nepal,1982,0
New Zealand,1982,0
Nicaragua,1982,0
Niger,1982,0
Nigeria,1982,0
North Macedonia,1982,0
Pakistan,1982,0
Panama,1982,0
Papua New Guinea,1982,0
Paraguay,1982,0
Peru,1982,0
Philippines,1982,0
Portugal,1982,0
Romania,1982,0
Russia,1982,0
Rwanda,1982,0
Sao Tome and Principe,1982,0
Senegal,1982,0
Solomon Islands,1982,0
Somalia,1982,0
South Africa,1982,0
South Korea,1982,0
Spain,1982,0
Sri Lanka,1982,2000000
Sudan,1982,0
Syria,1982,0
Tajikistan,1982,0
Tanzania,1982,0
Thailand,1982,0
Timor-Leste,1982,0
Togo,1982,0
Tunisia,1982,0
Uganda,1982,0
United States,1982,0
Uruguay,1982,0
Uzbekistan,1982,0
Vietnam,1982,0
Zambia,1982,0
Zimbabwe,1982,0
Afghanistan,1983,0
Albania,1983,0
Algeria,1983,0
Angola,1983,0
Antigua and Barbuda,1983,75000
Argentina,1983,0
Armenia,1983,0
Australia,1983,0
Azerbaijan,1983,0
Bangladesh,1983,0
Belgium,1983,0
Benin,1983,0
Bolivia,1983,3080000
Bosnia and Herzegovina,1983,0
Botswana,1983,0
Brazil,1983,20000000
Bulgaria,1983,0
Burkina Faso,1983,0
Burundi,1983,0
Cambodia,1983,0
Cameroon,1983,0
Canada,1983,0
Cape Verde,1983,0
Central African Republic,1983,0
Chad,1983,0
Chile,1983,0
China,1983,0
Colombia,1983,0
Comoros,1983,0
"Congo, Dem. Rep.",1983,300000
"Congo, Rep.",1983,0
Costa Rica,1983,0
Cote d'Ivoire,1983,0
Croatia,1983,0
Cuba,1983,0
Cyprus,1983,0
Denmark,1983,0
Djibouti,1983,80000
Ecuador,1983,0
El Salvador,1983,0
Eritrea,1983,0
Eswatini,1983,0
Ethiopia,1983,8050000
Fiji,1983,31000
France,1983,0
Gambia,1983,0
Georgia,1983,0
Ghana,1983,0
Greece,1983,0
Guatemala,1983,0
Guinea,1983,0
Guinea-Bissau,1983,0
Guyana,1983,0
Haiti,1983,0
Honduras,1983,0
Hungary,1983,0
India,1983,0
Indonesia,1983,0
Iran,1983,0
Iraq,1983,0
Israel,1983,0
Italy,1983,0
Jamaica,1983,0
Japan,1983,0
Jordan,1983,0
Kenya,1983,600000
Kiribati,1983,0
Lao,1983,0
Lesotho,1983,500000
Liberia,1983,0
Lithuania,1983,0
Madagascar,1983,0
Malawi,1983,0
Malaysia,1983,0
Mali,1983,0
Mauritania,1983,0
Mauritius,1983,0
Mexico,1983,0
"Micronesia, Fed. Sts.",1983,0
Moldova,1983,0
Mongolia,1983,0
Morocco,1983,0
Mozambique,1983,0
Namibia,1983,0
Nepal,1983,0
New Zealand,1983,0
Nicaragua,1983,0
Niger,1983,0
Nigeria,1983,0
North Macedonia,1983,0
Pakistan,1983,0
Panama,1983,81000
Papua New Guinea,1983,0
Paraguay,1983,0
Peru,1983,0
Philippines,1983,1690000
Portugal,1983,0
Romania,1983,0
Russia,1983,0
Rwanda,1983,0
Sao Tome and Principe,1983,93000
Senegal,1983,0
Solomon Islands,1983,0
Somalia,1983,0
South Africa,1983,0
South Korea,1983,0
Spain,1983,0
Sri Lanka,1983,0
Sudan,1983,8550000
Syria,1983,0
Tajikistan,1983,0
Tanzania,1983,0
Thailand,1983,0
Timor-Leste,1983,0
Togo,1983,0
Tunisia,1983,0
Uganda,1983,0
United States,1983,0
Uruguay,1983,0
Uzbekistan,1983,0
Vietnam,1983,0
Zambia,1983,0
Zimbabwe,1983,0
Afghanistan,1984,0
Albania,1984,0
Algeria,1984,0
Angola,1984,0
Antigua and Barbuda,1984,0
Argentina,1984,0
Armenia,1984,0
Australia,1984,0
Azerbaijan,1984,0
Bangladesh,1984,0
Belgium,1984,0
Benin,1984,0
Bolivia,1984,0
Bosnia and Herzegovina,1984,0
Botswana,1984,0
Brazil,1984,0
Bulgaria,1984,0
Burkina Faso,1984,0
Burundi,1984,0
Cambodia,1984,0
Cameroon,1984,0
Canada,1984,30000
Cape Verde,1984,0
Central African Republic,1984,0
Chad,1984,0
Chile,1984,0
China,1984,0
Colombia,1984,0
Comoros,1984,0
"Congo, Dem. Rep.",1984,0
"Congo, Rep.",1984,0
Costa Rica,1984,0
Cote d'Ivoire,1984,0
Croatia,1984,0
Cuba,1984,0
Cyprus,1984,0
Denmark,1984,0
Djibouti,1984,0
Ecuador,1984,0
El Salvador,1984,0
Eritrea,1984,0
Eswatini,1984,0
Ethiopia,1984,0
Fiji,1984,0
France,1984,0
Gambia,1984,0
Georgia,1984,0
Ghana,1984,0
Greece,1984,0
Guatemala,1984,0
Guinea,1984,0
Guinea-Bissau,1984,0
Guyana,1984,0
Haiti,1984,0
Honduras,1984,0
Hungary,1984,0
India,1984,0
Indonesia,1984,2230
Iran,1984,0
Iraq,1984,0
Israel,1984,0
Italy,1984,0
Jamaica,1984,0
Japan,1984,0
Jordan,1984,0
Kenya,1984,0
Kiribati,1984,0
Lao,1984,0
Lesotho,1984,0
Liberia,1984,0
Lithuania,1984,0
Madagascar,1984,0
Malawi,1984,0
Malaysia,1984,0
Mali,1984,0
Mauritania,1984,0
Mauritius,1984,0
Mexico,1984,0
"Micronesia, Fed. Sts.",1984,0
Moldova,1984,0
Mongolia,1984,0
Morocco,1984,0
Mozambique,1984,0
Namibia,1984,0
Nepal,1984,0
New Zealand,1984,0
Nicaragua,1984,0
Niger,1984,0
Nigeria,1984,0
North Macedonia,1984,0
Pakistan,1984,0
Panama,1984,0
Papua New Guinea,1984,0
Paraguay,1984,0
Peru,1984,0
Philippines,1984,0
Portugal,1984,0
Romania,1984,0
Russia,1984,0
Rwanda,1984,420000
Sao Tome and Principe,1984,0
Senegal,1984,0
Solomon Islands,1984,0
Somalia,1984,0
South Africa,1984,0
South Korea,1984,0
Spain,1984,0
Sri Lanka,1984,0
Sudan,1984,0
Syria,1984,0
Tajikistan,1984,0
Tanzania,1984,1900000
Thailand,1984,0
Timor-Leste,1984,0
Togo,1984,0
Tunisia,1984,0
Uganda,1984,0
United States,1984,0
Uruguay,1984,0
Uzbekistan,1984,0
Vietnam,1984,0
Zambia,1984,0
Zimbabwe,1984,0
Afghanistan,1985,0
Albania,1985,0
Algeria,1985,0
Angola,1985,500000
Antigua and Barbuda,1985,0
Argentina,1985,0
Armenia,1985,0
Australia,1985,0
Azerbaijan,1985,0
Bangladesh,1985,0
Belgium,1985,0
Benin,1985,0
Bolivia,1985,0
Bosnia and Herzegovina,1985,0
Botswana,1985,0
Brazil,1985,0
Bulgaria,1985,0
Burkina Faso,1985,0
Burundi,1985,0
Cambodia,1985,0
Cameroon,1985,0
Canada,1985,0
Cape Verde,1985,0
Central African Republic,1985,0
Chad,1985,0
Chile,1985,0
China,1985,0
Colombia,1985,0
Comoros,1985,0
"Congo, Dem. Rep.",1985,0
"Congo, Rep.",1985,0
Costa Rica,1985,0
Cote d'Ivoire,1985,0
Croatia,1985,0
Cuba,1985,0
Cyprus,1985,0
Denmark,1985,0
Djibouti,1985,0
Ecuador,1985,0
El Salvador,1985,0
Eritrea,1985,0
Eswatini,1985,0
Ethiopia,1985,0
Fiji,1985,0
France,1985,0
Gambia,1985,0
Georgia,1985,0
Ghana,1985,0
Greece,1985,0
Guatemala,1985,0
Guinea,1985,0
Guinea-Bissau,1985,0
Guyana,1985,0
Haiti,1985,0
Honduras,1985,0
Hungary,1985,0
India,1985,0
Indonesia,1985,0
Iran,1985,0
Iraq,1985,0
Israel,1985,0
Italy,1985,0
Jamaica,1985,0
Japan,1985,0
Jordan,1985,0
Kenya,1985,0
Kiribati,1985,0
Lao,1985,0
Lesotho,1985,0
Liberia,1985,0
Lithuania,1985,0
Madagascar,1985,0
Malawi,1985,0
Malaysia,1985,0
Mali,1985,0
Mauritania,1985,0
Mauritius,1985,0
Mexico,1985,0
"Micronesia, Fed. Sts.",1985,0
Moldova,1985,0
Mongolia,1985,0
Morocco,1985,0
Mozambique,1985,0
Namibia,1985,0
Nepal,1985,0
New Zealand,1985,0
Nicaragua,1985,0
Niger,1985,0
Nigeria,1985,0
North Macedonia,1985,0
Pakistan,1985,0
Panama,1985,0
Papua New Guinea,1985,0
Paraguay,1985,0
Peru,1985,0
Philippines,1985,0
Portugal,1985,0
Romania,1985,0
Russia,1985,0
Rwanda,1985,0
Sao Tome and Principe,1985,0
Senegal,1985,0
Solomon Islands,1985,0
Somalia,1985,0
South Africa,1985,0
South Korea,1985,0
Spain,1985,0
Sri Lanka,1985,0
Sudan,1985,0
Syria,1985,0
Tajikistan,1985,0
Tanzania,1985,0
Thailand,1985,0
Timor-Leste,1985,0
Togo,1985,0
Tunisia,1985,0
Uganda,1985,0
United States,1985,0
Uruguay,1985,0
Uzbekistan,1985,0
Vietnam,1985,0
Zambia,1985,0
Zimbabwe,1985,0
Afghanistan,1986,0
Albania,1986,0
Algeria,1986,0
Angola,1986,0
Antigua and Barbuda,1986,0
Argentina,1986,0
Armenia,1986,0
Australia,1986,0
Azerbaijan,1986,0
Bangladesh,1986,0
Belgium,1986,0
Benin,1986,0
Bolivia,1986,0
Bosnia and Herzegovina,1986,0
Botswana,1986,0
Brazil,1986,0
Bulgaria,1986,0
Burkina Faso,1986,0
Burundi,1986,0
Cambodia,1986,0
Cameroon,1986,0
Canada,1986,0
Cape Verde,1986,0
Central African Republic,1986,0
Chad,1986,0
Chile,1986,0
China,1986,0
Colombia,1986,0
Comoros,1986,0
"Congo, Dem. Rep.",1986,0
"Congo, Rep.",1986,0
Costa Rica,1986,0
Cote d'Ivoire,1986,0
Croatia,1986,0
Cuba,1986,0
Cyprus,1986,0
Denmark,1986,0
Djibouti,1986,0
Ecuador,1986,0
El Salvador,1986,0
Eritrea,1986,0
Eswatini,1986,0
Ethiopia,1986,0
Fiji,1986,0
France,1986,0
Gambia,1986,0
Georgia,1986,0
Ghana,1986,0
Greece,1986,0
Guatemala,1986,0
Guinea,1986,0
Guinea-Bissau,1986,0
Guyana,1986,0
Haiti,1986,0
Honduras,1986,0
Hungary,1986,0
India,1986,0
Indonesia,1986,1080
Iran,1986,0
Iraq,1986,0
Israel,1986,0
Italy,1986,0
Jamaica,1986,0
Japan,1986,0
Jordan,1986,0
Kenya,1986,0
Kiribati,1986,0
Lao,1986,0
Lesotho,1986,0
Liberia,1986,0
Lithuania,1986,0
Madagascar,1986,0
Malawi,1986,0
Malaysia,1986,0
Mali,1986,0
Mauritania,1986,0
Mauritius,1986,0
Mexico,1986,0
"Micronesia, Fed. Sts.",1986,0
Moldova,1986,0
Mongolia,1986,0
Morocco,1986,0
Mozambique,1986,0
Namibia,1986,0
Nepal,1986,0
New Zealand,1986,0
Nicaragua,1986,0
Niger,1986,0
Nigeria,1986,0
North Macedonia,1986,0
Pakistan,1986,0
Panama,1986,0
Papua New Guinea,1986,0
Paraguay,1986,0
Peru,1986,0
Philippines,1986,0
Portugal,1986,0
Romania,1986,0
Russia,1986,0
Rwanda,1986,0
Sao Tome and Principe,1986,0
Senegal,1986,0
Solomon Islands,1986,0
Somalia,1986,0
South Africa,1986,850000
South Korea,1986,0
Spain,1986,0
Sri Lanka,1986,0
Sudan,1986,0
Syria,1986,0
Tajikistan,1986,0
Tanzania,1986,0
Thailand,1986,0
Timor-Leste,1986,0
Togo,1986,0
Tunisia,1986,0
Uganda,1986,0
United States,1986,0
Uruguay,1986,0
Uzbekistan,1986,0
Vietnam,1986,0
Zambia,1986,0
Zimbabwe,1986,0
Afghanistan,1987,0
Albania,1987,0
Algeria,1987,0
Angola,1987,0
Antigua and Barbuda,1987,0
Argentina,1987,0
Armenia,1987,0
Australia,1987,0
Azerbaijan,1987,0
Bangladesh,1987,0
Belgium,1987,0
Benin,1987,0
Bolivia,1987,0
Bosnia and Herzegovina,1987,0
Botswana,1987,0
Brazil,1987,750000
Bulgaria,1987,0
Burkina Faso,1987,0
Burundi,1987,0
Cambodia,1987,0
Cameroon,1987,0
Canada,1987,0
Cape Verde,1987,0
Central African Republic,1987,0
Chad,1987,0
Chile,1987,0
China,1987,0
Colombia,1987,0
Comoros,1987,0
"Congo, Dem. Rep.",1987,0
"Congo, Rep.",1987,0
Costa Rica,1987,0
Cote d'Ivoire,1987,0
Croatia,1987,0
Cuba,1987,0
Cyprus,1987,0
Denmark,1987,0
Djibouti,1987,0
Ecuador,1987,0
El Salvador,1987,0
Eritrea,1987,0
Eswatini,1987,0
Ethiopia,1987,7000000
Fiji,1987,0
France,1987,0
Gambia,1987,0
Georgia,1987,0
Ghana,1987,0
Greece,1987,0
Guatemala,1987,73000
Guinea,1987,0
Guinea-Bissau,1987,0
Guyana,1987,0
Haiti,1987,0
Honduras,1987,0
Hungary,1987,0
India,1987,300000000
Indonesia,1987,0
Iran,1987,0
Iraq,1987,0
Israel,1987,0
Italy,1987,0
Jamaica,1987,0
Japan,1987,0
Jordan,1987,0
Kenya,1987,0
Kiribati,1987,0
Lao,1987,0
Lesotho,1987,0
Liberia,1987,0
Lithuania,1987,0
Madagascar,1987,0
Malawi,1987,1430000
Malaysia,1987,0
Mali,1987,0
Mauritania,1987,0
Mauritius,1987,0
Mexico,1987,0
"Micronesia, Fed. Sts.",1987,0
Moldova,1987,0
Mongolia,1987,0
Morocco,1987,0
Mozambique,1987,8050
Namibia,1987,0
Nepal,1987,0
New Zealand,1987,0
Nicaragua,1987,0
Niger,1987,0
Nigeria,1987,0
North Macedonia,1987,0
Pakistan,1987,0
Panama,1987,0
Papua New Guinea,1987,0
Paraguay,1987,0
Peru,1987,0
Philippines,1987,1000000
Portugal,1987,0
Romania,1987,0
Russia,1987,0
Rwanda,1987,0
Sao Tome and Principe,1987,0
Senegal,1987,0
Solomon Islands,1987,0
Somalia,1987,501000
South Africa,1987,0
South Korea,1987,0
Spain,1987,0
Sri Lanka,1987,2200000
Sudan,1987,3450000
Syria,1987,0
Tajikistan,1987,0
Tanzania,1987,0
Thailand,1987,0
Timor-Leste,1987,0
Togo,1987,0
Tunisia,1987,0
Uganda,1987,600000
United States,1987,0
Uruguay,1987,0
Uzbekistan,1987,0
Vietnam,1987,0
Zambia,1987,0
Zimbabwe,1987,0
Afghanistan,1988,0
Albania,1988,0
Algeria,1988,0
Angola,1988,0
Antigua and Barbuda,1988,0
Argentina,1988,0
Armenia,1988,0
Australia,1988,0
Azerbaijan,1988,0
Bangladesh,1988,0
Belgium,1988,0
Benin,1988,0
Bolivia,1988,0
Bosnia and Herzegovina,1988,0
Botswana,1988,0
Brazil,1988,0
Bulgaria,1988,0
Burkina Faso,1988,200000
Burundi,1988,0
Cambodia,1988,0
Cameroon,1988,0
Canada,1988,0
Cape Verde,1988,0
Central African Republic,1988,0
Chad,1988,0
Chile,1988,0
China,1988,49000000
Colombia,1988,0
Comoros,1988,0
"Congo, Dem. Rep.",1988,0
"Congo, Rep.",1988,0
Costa Rica,1988,0
Cote d'Ivoire,1988,0
Croatia,1988,0
Cuba,1988,0
Cyprus,1988,0
Denmark,1988,0
Djibouti,1988,30000
Ecuador,1988,0
El Salvador,1988,0
Eritrea,1988,0
Eswatini,1988,0
Ethiopia,1988,0
Fiji,1988,0
France,1988,0
Gambia,1988,0
Georgia,1988,0
Ghana,1988,0
Greece,1988,0
Guatemala,1988,0
Guinea,1988,0
Guinea-Bissau,1988,0
Guyana,1988,0
Haiti,1988,0
Honduras,1988,0
Hungary,1988,0
India,1988,0
Indonesia,1988,0
Iran,1988,0
Iraq,1988,0
Israel,1988,0
Italy,1988,0
Jamaica,1988,0
Japan,1988,0
Jordan,1988,0
Kenya,1988,0
Kiribati,1988,0
Lao,1988,730000
Lesotho,1988,0
Liberia,1988,0
Lithuania,1988,0
Madagascar,1988,950000
Malawi,1988,0
Malaysia,1988,0
Mali,1988,0
Mauritania,1988,0
Mauritius,1988,0
Mexico,1988,0
"Micronesia, Fed. Sts.",1988,0
Moldova,1988,0
Mongolia,1988,0
Morocco,1988,0
Mozambique,1988,0
Namibia,1988,0
Nepal,1988,0
New Zealand,1988,0
Nicaragua,1988,0
Niger,1988,1000000
Nigeria,1988,0
North Macedonia,1988,0
Pakistan,1988,0
Panama,1988,0
Papua New Guinea,1988,0
Paraguay,1988,0
Peru,1988,0
Philippines,1988,0
Portugal,1988,0
Romania,1988,0
Russia,1988,0
Rwanda,1988,0
Sao Tome and Principe,1988,0
Senegal,1988,0
Solomon Islands,1988,0
Somalia,1988,53500
South Africa,1988,1320000
South Korea,1988,0
Spain,1988,0
Sri Lanka,1988,806000
Sudan,1988,0
Syria,1988,0
Tajikistan,1988,0
Tanzania,1988,110000
Thailand,1988,0
Timor-Leste,1988,0
Togo,1988,0
Tunisia,1988,0
Uganda,1988,0
United States,1988,0
Uruguay,1988,0
Uzbekistan,1988,0
Vietnam,1988,0
Zambia,1988,0
Zimbabwe,1988,0
Afghanistan,1989,0
Albania,1989,3200000
Algeria,1989,0
Angola,1989,1900000
Antigua and Barbuda,1989,0
Argentina,1989,0
Armenia,1989,0
Australia,1989,0
Azerbaijan,1989,0
Bangladesh,1989,5000000
Belgium,1989,0
Benin,1989,0
Bolivia,1989,0
Bosnia and Herzegovina,1989,0
Botswana,1989,0
Brazil,1989,0
Bulgaria,1989,0
Burkina Faso,1989,0
Burundi,1989,0
Cambodia,1989,0
Cameroon,1989,0
Canada,1989,0
Cape Verde,1989,0
Central African Republic,1989,0
Chad,1989,0
Chile,1989,0
China,1989,0
Colombia,1989,0
Comoros,1989,0
"Congo, Dem. Rep.",1989,0
"Congo, Rep.",1989,0
Costa Rica,1989,0
Cote d'Ivoire,1989,0
Croatia,1989,0
Cuba,1989,0
Cyprus,1989,0
Denmark,1989,0
Djibouti,1989,0
Ecuador,1989,0
El Salvador,1989,0
Eritrea,1989,0
Eswatini,1989,0
Ethiopia,1989,6500000
Fiji,1989,0
France,1989,0
Gambia,1989,0
Georgia,1989,0
Ghana,1989,0
Greece,1989,0
Guatemala,1989,0
Guinea,1989,0
Guinea-Bissau,1989,0
Guyana,1989,0
Haiti,1989,0
Honduras,1989,0
Hungary,1989,0
India,1989,0
Indonesia,1989,0
Iran,1989,0
Iraq,1989,0
Israel,1989,0
Italy,1989,0
Jamaica,1989,0
Japan,1989,0
Jordan,1989,0
Kenya,1989,0
Kiribati,1989,0
Lao,1989,0
Lesotho,1989,0
Liberia,1989,0
Lithuania,1989,0
Madagascar,1989,0
Malawi,1989,0
Malaysia,1989,0
Mali,1989,0
Mauritania,1989,0
Mauritius,1989,0
Mexico,1989,0
"Micronesia, Fed. Sts.",1989,0
Moldova,1989,0
Mongolia,1989,0
Morocco,1989,0
Mozambique,1989,0
Namibia,1989,0
Nepal,1989,0
New Zealand,1989,0
Nicaragua,1989,0
Niger,1989,0
Nigeria,1989,0
North Macedonia,1989,0
Pakistan,1989,0
Panama,1989,0
Papua New Guinea,1989,0
Paraguay,1989,0
Peru,1989,0
Philippines,1989,0
Portugal,1989,0
Romania,1989,0
Russia,1989,0
Rwanda,1989,60200
Sao Tome and Principe,1989,0
Senegal,1989,0
Solomon Islands,1989,0
Somalia,1989,0
South Africa,1989,0
South Korea,1989,0
Spain,1989,0
Sri Lanka,1989,0
Sudan,1989,0
Syria,1989,0
Tajikistan,1989,0
Tanzania,1989,0
Thailand,1989,0
Timor-Leste,1989,0
Togo,1989,400000
Tunisia,1989,0
Uganda,1989,0
United States,1989,0
Uruguay,1989,0
Uzbekistan,1989,0
Vietnam,1989,0
Zambia,1989,0
Zimbabwe,1989,0
Afghanistan,1990,0
Albania,1990,0
Algeria,1990,0
Angola,1990,0
Antigua and Barbuda,1990,0
Argentina,1990,0
Armenia,1990,0
Australia,1990,0
Azerbaijan,1990,0
Bangladesh,1990,0
Belgium,1990,0
Benin,1990,0
Bolivia,1990,283000
Bosnia and Herzegovina,1990,0
Botswana,1990,100000
Brazil,1990,0
Bulgaria,1990,0
Burkina Faso,1990,2600000
Burundi,1990,0
Cambodia,1990,0
Cameroon,1990,187000
Canada,1990,0
Cape Verde,1990,0
Central African Republic,1990,0
Chad,1990,0
Chile,1990,0
China,1990,0
Colombia,1990,0
Comoros,1990,0
"Congo, Dem. Rep.",1990,0
"Congo, Rep.",1990,0
Costa Rica,1990,0
Cote d'Ivoire,1990,0
Croatia,1990,0
Cuba,1990,0
Cyprus,1990,0
Denmark,1990,0
Djibouti,1990,0
Ecuador,1990,0
El Salvador,1990,0
Eritrea,1990,0
Eswatini,1990,250000
Ethiopia,1990,0
Fiji,1990,0
France,1990,0
Gambia,1990,0
Georgia,1990,0
Ghana,1990,0
Greece,1990,0
Guatemala,1990,0
Guinea,1990,0
Guinea-Bissau,1990,0
Guyana,1990,0
Haiti,1990,0
Honduras,1990,0
Hungary,1990,0
India,1990,0
Indonesia,1990,0
Iran,1990,0
Iraq,1990,0
Israel,1990,0
Italy,1990,0
Jamaica,1990,0
Japan,1990,0
Jordan,1990,0
Kenya,1990,0
Kiribati,1990,0
Lao,1990,0
Lesotho,1990,332000
Liberia,1990,0
Lithuania,1990,0
Madagascar,1990,0
Malawi,1990,2800000
Malaysia,1990,0
Mali,1990,0
Mauritania,1990,0
Mauritius,1990,0
Mexico,1990,0
"Micronesia, Fed. Sts.",1990,0
Moldova,1990,0
Mongolia,1990,0
Morocco,1990,0
Mozambique,1990,3300000
Namibia,1990,250000
Nepal,1990,0
New Zealand,1990,0
Nicaragua,1990,0
Niger,1990,1630000
Nigeria,1990,0
North Macedonia,1990,0
Pakistan,1990,0
Panama,1990,0
Papua New Guinea,1990,0
Paraguay,1990,0
Peru,1990,2200000
Philippines,1990,254000
Portugal,1990,0
Romania,1990,0
Russia,1990,0
Rwanda,1990,0
Sao Tome and Principe,1990,0
Senegal,1990,0
Solomon Islands,1990,0
Somalia,1990,0
South Africa,1990,0
South Korea,1990,0
Spain,1990,6000000
Sri Lanka,1990,0
Sudan,1990,600000
Syria,1990,0
Tajikistan,1990,0
Tanzania,1990,800000
Thailand,1990,0
Timor-Leste,1990,0
Togo,1990,0
Tunisia,1990,0
Uganda,1990,0
United States,1990,0
Uruguay,1990,0
Uzbekistan,1990,0
Vietnam,1990,0
Zambia,1990,1700000
Zimbabwe,1990,5000000
Afghanistan,1991,0
Albania,1991,0
Algeria,1991,0
Angola,1991,0
Antigua and Barbuda,1991,0
Argentina,1991,0
Armenia,1991,0
Australia,1991,0
Azerbaijan,1991,0
Bangladesh,1991,0
Belgium,1991,0
Benin,1991,0
Bolivia,1991,0
Bosnia and Herzegovina,1991,0
Botswana,1991,0
Brazil,1991,0
Bulgaria,1991,0
Burkina Faso,1991,0
Burundi,1991,0
Cambodia,1991,0
Cameroon,1991,0
Canada,1991,0
Cape Verde,1991,0
Central African Republic,1991,0
Chad,1991,0
Chile,1991,0
China,1991,5000000
Colombia,1991,0
Comoros,1991,0
"Congo, Dem. Rep.",1991,0
"Congo, Rep.",1991,0
Costa Rica,1991,0
Cote d'Ivoire,1991,0
Croatia,1991,0
Cuba,1991,0
Cyprus,1991,0
Denmark,1991,0
Djibouti,1991,0
Ecuador,1991,0
El Salvador,1991,0
Eritrea,1991,0
Eswatini,1991,0
Ethiopia,1991,0
Fiji,1991,0
France,1991,0
Gambia,1991,0
Georgia,1991,0
Ghana,1991,0
Greece,1991,0
Guatemala,1991,0
Guinea,1991,0
Guinea-Bissau,1991,0
Guyana,1991,0
Haiti,1991,0
Honduras,1991,0
Hungary,1991,0
India,1991,0
Indonesia,1991,0
Iran,1991,0
Iraq,1991,0
Israel,1991,0
Italy,1991,0
Jamaica,1991,0
Japan,1991,0
Jordan,1991,0
Kenya,1991,2700000
Kiribati,1991,0
Lao,1991,0
Lesotho,1991,0
Liberia,1991,0
Lithuania,1991,0
Madagascar,1991,0
Malawi,1991,0
Malaysia,1991,0
Mali,1991,302000
Mauritania,1991,0
Mauritius,1991,0
Mexico,1991,0
"Micronesia, Fed. Sts.",1991,0
Moldova,1991,0
Mongolia,1991,0
Morocco,1991,0
Mozambique,1991,0
Namibia,1991,0
Nepal,1991,0
New Zealand,1991,0
Nicaragua,1991,0
Niger,1991,0
Nigeria,1991,0
North Macedonia,1991,0
Pakistan,1991,0
Panama,1991,0
Papua New Guinea,1991,0
Paraguay,1991,0
Peru,1991,0
Philippines,1991,0
Portugal,1991,0
Romania,1991,0
Russia,1991,0
Rwanda,1991,0
Sao Tome and Principe,1991,0
Senegal,1991,0
Solomon Islands,1991,0
Somalia,1991,0
South Africa,1991,0
South Korea,1991,0
Spain,1991,0
Sri Lanka,1991,0
Sudan,1991,8600000
Syria,1991,0
Tajikistan,1991,0
Tanzania,1991,0
Thailand,1991,2500000
Timor-Leste,1991,0
Togo,1991,0
Tunisia,1991,0
Uganda,1991,0
United States,1991,0
Uruguay,1991,0
Uzbekistan,1991,0
Vietnam,1991,0
Zambia,1991,0
Zimbabwe,1991,0
Afghanistan,1992,0
Albania,1992,0
Algeria,1992,0
Angola,1992,0
Antigua and Barbuda,1992,0
Argentina,1992,0
Armenia,1992,0
Australia,1992,7000000
Azerbaijan,1992,0
Bangladesh,1992,0
Belgium,1992,0
Benin,1992,0
Bolivia,1992,0
Bosnia and Herzegovina,1992,0
Botswana,1992,0
Brazil,1992,0
Bulgaria,1992,0
Burkina Faso,1992,0
Burundi,1992,0
Cambodia,1992,0
Cameroon,1992,0
Canada,1992,0
Cape Verde,1992,0
Central African Republic,1992,0
Chad,1992,0
Chile,1992,0
China,1992,12000000
Colombia,1992,0
Comoros,1992,0
"Congo, Dem. Rep.",1992,0
"Congo, Rep.",1992,0
Costa Rica,1992,0
Cote d'Ivoire,1992,0
Croatia,1992,0
Cuba,1992,0
Cyprus,1992,0
Denmark,1992,0
Djibouti,1992,0
Ecuador,1992,0
El Salvador,1992,0
Eritrea,1992,0
Eswatini,1992,0
Ethiopia,1992,0
Fiji,1992,0
France,1992,0
Gambia,1992,0
Georgia,1992,0
Ghana,1992,0
Greece,1992,0
Guatemala,1992,0
Guinea,1992,0
Guinea-Bissau,1992,0
Guyana,1992,0
Haiti,1992,1000000
Honduras,1992,0
Hungary,1992,0
India,1992,0
Indonesia,1992,0
Iran,1992,0
Iraq,1992,0
Israel,1992,0
Italy,1992,0
Jamaica,1992,0
Japan,1992,0
Jordan,1992,0
Kenya,1992,0
Kiribati,1992,0
Lao,1992,0
Lesotho,1992,0
Liberia,1992,0
Lithuania,1992,0
Madagascar,1992,0
Malawi,1992,7000000
Malaysia,1992,0
Mali,1992,0
Mauritania,1992,0
Mauritius,1992,0
Mexico,1992,0
"Micronesia, Fed. Sts.",1992,0
Moldova,1992,0
Mongolia,1992,0
Morocco,1992,0
Mozambique,1992,0
Namibia,1992,0
Nepal,1992,0
New Zealand,1992,0
Nicaragua,1992,0
Niger,1992,0
Nigeria,1992,0
North Macedonia,1992,0
Pakistan,1992,0
Panama,1992,0
Papua New Guinea,1992,0
Paraguay,1992,0
Peru,1992,1100000
Philippines,1992,0
Portugal,1992,0
Romania,1992,0
Russia,1992,0
Rwanda,1992,0
Sao Tome and Principe,1992,0
Senegal,1992,0
Solomon Islands,1992,0
Somalia,1992,0
South Africa,1992,0
South Korea,1992,0
Spain,1992,0
Sri Lanka,1992,0
Sudan,1992,0
Syria,1992,0
Tajikistan,1992,0
Tanzania,1992,0
Thailand,1992,0
Timor-Leste,1992,0
Togo,1992,0
Tunisia,1992,0
Uganda,1992,0
United States,1992,0
Uruguay,1992,0
Uzbekistan,1992,0
Vietnam,1992,0
Zambia,1992,0
Zimbabwe,1992,0
Afghanistan,1993,0
Albania,1993,0
Algeria,1993,0
Angola,1993,0
Antigua and Barbuda,1993,0
Argentina,1993,0
Armenia,1993,0
Australia,1993,0
Azerbaijan,1993,0
Bangladesh,1993,0
Belgium,1993,0
Benin,1993,0
Bolivia,1993,0
Bosnia and Herzegovina,1993,0
Botswana,1993,0
Brazil,1993,0
Bulgaria,1993,0
Burkina Faso,1993,0
Burundi,1993,0
Cambodia,1993,0
Cameroon,1993,0
Canada,1993,0
Cape Verde,1993,0
Central African Republic,1993,0
Chad,1993,300000
Chile,1993,0
China,1993,0
Colombia,1993,0
Comoros,1993,0
"Congo, Dem. Rep.",1993,0
"Congo, Rep.",1993,0
Costa Rica,1993,0
Cote d'Ivoire,1993,0
Croatia,1993,0
Cuba,1993,0
Cyprus,1993,0
Denmark,1993,0
Djibouti,1993,0
Ecuador,1993,0
El Salvador,1993,0
Eritrea,1993,1600000
Eswatini,1993,0
Ethiopia,1993,0
Fiji,1993,0
France,1993,0
Gambia,1993,0
Georgia,1993,0
Ghana,1993,0
Greece,1993,0
Guatemala,1993,0
Guinea,1993,0
Guinea-Bissau,1993,0
Guyana,1993,0
Haiti,1993,0
Honduras,1993,0
Hungary,1993,0
India,1993,1180000
Indonesia,1993,0
Iran,1993,0
Iraq,1993,0
Israel,1993,0
Italy,1993,0
Jamaica,1993,0
Japan,1993,0
Jordan,1993,0
Kenya,1993,0
Kiribati,1993,0
Lao,1993,0
Lesotho,1993,0
Liberia,1993,0
Lithuania,1993,0
Madagascar,1993,0
Malawi,1993,0
Malaysia,1993,0
Mali,1993,0
Mauritania,1993,447000
Mauritius,1993,0
Mexico,1993,0
"Micronesia, Fed. Sts.",1993,0
Moldova,1993,0
Mongolia,1993,0
Morocco,1993,0
Mozambique,1993,0
Namibia,1993,0
Nepal,1993,0
New Zealand,1993,0
Nicaragua,1993,0
Niger,1993,0
Nigeria,1993,0
North Macedonia,1993,10000
Pakistan,1993,0
Panama,1993,0
Papua New Guinea,1993,0
Paraguay,1993,0
Peru,1993,0
Philippines,1993,0
Portugal,1993,0
Romania,1993,0
Russia,1993,0
Rwanda,1993,0
Sao Tome and Principe,1993,0
Senegal,1993,0
Solomon Islands,1993,0
Somalia,1993,0
South Africa,1993,0
South Korea,1993,0
Spain,1993,0
Sri Lanka,1993,0
Sudan,1993,0
Syria,1993,0
Tajikistan,1993,0
Tanzania,1993,0
Thailand,1993,0
Timor-Leste,1993,0
Togo,1993,0
Tunisia,1993,0
Uganda,1993,0
United States,1993,0
Uruguay,1993,0
Uzbekistan,1993,0
Vietnam,1993,0
Zambia,1993,0
Zimbabwe,1993,0
Afghanistan,1994,0
Albania,1994,0
Algeria,1994,0
Angola,1994,0
Antigua and Barbuda,1994,0
Argentina,1994,0
Armenia,1994,0
Australia,1994,0
Azerbaijan,1994,0
Bangladesh,1994,0
Belgium,1994,0
Benin,1994,0
Bolivia,1994,50000
Bosnia and Herzegovina,1994,0
Botswana,1994,0
Brazil,1994,0
Bulgaria,1994,0
Burkina Faso,1994,0
Burundi,1994,0
Cambodia,1994,5000000
Cameroon,1994,0
Canada,1994,0
Cape Verde,1994,0
Central African Republic,1994,0
Chad,1994,0
Chile,1994,0
China,1994,88700000
Colombia,1994,0
Comoros,1994,0
"Congo, Dem. Rep.",1994,0
"Congo, Rep.",1994,0
Costa Rica,1994,0
Cote d'Ivoire,1994,0
Croatia,1994,0
Cuba,1994,0
Cyprus,1994,0
Denmark,1994,0
Djibouti,1994,0
Ecuador,1994,0
El Salvador,1994,0
Eritrea,1994,0
Eswatini,1994,0
Ethiopia,1994,0
Fiji,1994,0
France,1994,0
Gambia,1994,0
Georgia,1994,0
Ghana,1994,0
Greece,1994,0
Guatemala,1994,0
Guinea,1994,0
Guinea-Bissau,1994,0
Guyana,1994,0
Haiti,1994,0
Honduras,1994,0
Hungary,1994,0
India,1994,0
Indonesia,1994,0
Iran,1994,0
Iraq,1994,0
Israel,1994,0
Italy,1994,0
Jamaica,1994,0
Japan,1994,0
Jordan,1994,0
Kenya,1994,1200000
Kiribati,1994,0
Lao,1994,0
Lesotho,1994,0
Liberia,1994,0
Lithuania,1994,0
Madagascar,1994,0
Malawi,1994,0
Malaysia,1994,0
Mali,1994,0
Mauritania,1994,0
Mauritius,1994,0
Mexico,1994,0
"Micronesia, Fed. Sts.",1994,0
Moldova,1994,0
Mongolia,1994,0
Morocco,1994,0
Mozambique,1994,0
Namibia,1994,0
Nepal,1994,0
New Zealand,1994,0
Nicaragua,1994,75000
Niger,1994,0
Nigeria,1994,0
North Macedonia,1994,0
Pakistan,1994,0
Panama,1994,0
Papua New Guinea,1994,0
Paraguay,1994,0
Peru,1994,0
Philippines,1994,0
Portugal,1994,0
Romania,1994,0
Russia,1994,0
Rwanda,1994,0
Sao Tome and Principe,1994,0
Senegal,1994,0
Solomon Islands,1994,0
Somalia,1994,0
South Africa,1994,0
South Korea,1994,0
Spain,1994,0
Sri Lanka,1994,0
Sudan,1994,0
Syria,1994,0
Tajikistan,1994,0
Tanzania,1994,0
Thailand,1994,0
Timor-Leste,1994,0
Togo,1994,0
Tunisia,1994,0
Uganda,1994,0
United States,1994,0
Uruguay,1994,0
Uzbekistan,1994,0
Vietnam,1994,0
Zambia,1994,0
Zimbabwe,1994,0
Afghanistan,1995,0
Albania,1995,0
Algeria,1995,0
Angola,1995,0
Antigua and Barbuda,1995,0
Argentina,1995,0
Armenia,1995,0
Australia,1995,0
Azerbaijan,1995,0
Bangladesh,1995,0
Belgium,1995,0
Benin,1995,0
Bolivia,1995,0
Bosnia and Herzegovina,1995,0
Botswana,1995,0
Brazil,1995,0
Bulgaria,1995,0
Burkina Faso,1995,75600
Burundi,1995,0
Cambodia,1995,0
Cameroon,1995,0
Canada,1995,0
Cape Verde,1995,0
Central African Republic,1995,0
Chad,1995,0
Chile,1995,0
China,1995,9060000
Colombia,1995,0
Comoros,1995,0
"Congo, Dem. Rep.",1995,0
"Congo, Rep.",1995,0
Costa Rica,1995,0
Cote d'Ivoire,1995,0
Croatia,1995,0
Cuba,1995,0
Cyprus,1995,0
Denmark,1995,0
Djibouti,1995,0
Ecuador,1995,0
El Salvador,1995,0
Eritrea,1995,0
Eswatini,1995,0
Ethiopia,1995,0
Fiji,1995,0
France,1995,0
Gambia,1995,0
Georgia,1995,0
Ghana,1995,0
Greece,1995,0
Guatemala,1995,0
Guinea,1995,0
Guinea-Bissau,1995,0
Guyana,1995,0
Haiti,1995,0
Honduras,1995,0
Hungary,1995,0
India,1995,0
Indonesia,1995,0
Iran,1995,0
Iraq,1995,0
Israel,1995,0
Italy,1995,0
Jamaica,1995,0
Japan,1995,0
Jordan,1995,0
Kenya,1995,0
Kiribati,1995,0
Lao,1995,0
Lesotho,1995,0
Liberia,1995,0
Lithuania,1995,0
Madagascar,1995,0
Malawi,1995,0
Malaysia,1995,0
Mali,1995,0
Mauritania,1995,0
Mauritius,1995,0
Mexico,1995,0
"Micronesia, Fed. Sts.",1995,0
Moldova,1995,0
Mongolia,1995,0
Morocco,1995,0
Mozambique,1995,0
Namibia,1995,163000
Nepal,1995,0
New Zealand,1995,0
Nicaragua,1995,0
Niger,1995,0
Nigeria,1995,0
North Macedonia,1995,0
Pakistan,1995,0
Panama,1995,0
Papua New Guinea,1995,0
Paraguay,1995,0
Peru,1995,0
Philippines,1995,0
Portugal,1995,0
Romania,1995,0
Russia,1995,0
Rwanda,1995,0
Sao Tome and Principe,1995,0
Senegal,1995,0
Solomon Islands,1995,0
Somalia,1995,0
South Africa,1995,300000
South Korea,1995,0
Spain,1995,0
Sri Lanka,1995,0
Sudan,1995,0
Syria,1995,0
Tajikistan,1995,0
Tanzania,1995,0
Thailand,1995,0
Timor-Leste,1995,0
Togo,1995,0
Tunisia,1995,0
Uganda,1995,0
United States,1995,0
Uruguay,1995,0
Uzbekistan,1995,0
Vietnam,1995,0
Zambia,1995,1270000
Zimbabwe,1995,0
Afghanistan,1996,0
Albania,1996,0
Algeria,1996,0
Angola,1996,0
Antigua and Barbuda,1996,0
Argentina,1996,0
Armenia,1996,0
Australia,1996,0
Azerbaijan,1996,0
Bangladesh,1996,0
Belgium,1996,0
Benin,1996,0
Bolivia,1996,0
Bosnia and Herzegovina,1996,0
Botswana,1996,0
Brazil,1996,0
Bulgaria,1996,0
Burkina Faso,1996,0
Burundi,1996,0
Cambodia,1996,0
Cameroon,1996,0
Canada,1996,0
Cape Verde,1996,0
Central African Republic,1996,0
Chad,1996,0
Chile,1996,0
China,1996,0
Colombia,1996,0
Comoros,1996,0
"Congo, Dem. Rep.",1996,0
"Congo, Rep.",1996,0
Costa Rica,1996,0
Cote d'Ivoire,1996,0
Croatia,1996,0
Cuba,1996,0
Cyprus,1996,0
Denmark,1996,0
Djibouti,1996,100000
Ecuador,1996,0
El Salvador,1996,0
Eritrea,1996,0
Eswatini,1996,0
Ethiopia,1996,0
Fiji,1996,0
France,1996,0
Gambia,1996,0
Georgia,1996,0
Ghana,1996,0
Greece,1996,0
Guatemala,1996,0
Guinea,1996,0
Guinea-Bissau,1996,0
Guyana,1996,0
Haiti,1996,0
Honduras,1996,0
Hungary,1996,0
India,1996,0
Indonesia,1996,0
Iran,1996,0
Iraq,1996,0
Israel,1996,0
Italy,1996,0
Jamaica,1996,0
Japan,1996,0
Jordan,1996,0
Kenya,1996,1600000
Kiribati,1996,0
Lao,1996,0
Lesotho,1996,0
Liberia,1996,0
Lithuania,1996,0
Madagascar,1996,0
Malawi,1996,0
Malaysia,1996,0
Mali,1996,0
Mauritania,1996,0
Mauritius,1996,0
Mexico,1996,0
"Micronesia, Fed. Sts.",1996,0
Moldova,1996,0
Mongolia,1996,0
Morocco,1996,0
Mozambique,1996,0
Namibia,1996,0
Nepal,1996,0
New Zealand,1996,0
Nicaragua,1996,0
Niger,1996,0
Nigeria,1996,0
North Macedonia,1996,0
Pakistan,1996,0
Panama,1996,0
Papua New Guinea,1996,0
Paraguay,1996,0
Peru,1996,0
Philippines,1996,0
Portugal,1996,0
Romania,1996,0
Russia,1996,0
Rwanda,1996,82000
Sao Tome and Principe,1996,0
Senegal,1996,0
Solomon Islands,1996,0
Somalia,1996,0
South Africa,1996,0
South Korea,1996,0
Spain,1996,0
Sri Lanka,1996,0
Sudan,1996,160000
Syria,1996,0
Tajikistan,1996,0
Tanzania,1996,3000000
Thailand,1996,0
Timor-Leste,1996,0
Togo,1996,0
Tunisia,1996,0
Uganda,1996,0
United States,1996,0
Uruguay,1996,0
Uzbekistan,1996,0
Vietnam,1996,0
Zambia,1996,0
Zimbabwe,1996,0
Afghanistan,1997,0
Albania,1997,0
Algeria,1997,0
Angola,1997,105000
Antigua and Barbuda,1997,0
Argentina,1997,0
Armenia,1997,0
Australia,1997,0
Azerbaijan,1997,0
Bangladesh,1997,0
Belgium,1997,0
Benin,1997,0
Bolivia,1997,0
Bosnia and Herzegovina,1997,0
Botswana,1997,0
Brazil,1997,0
Bulgaria,1997,0
Burkina Faso,1997,0
Burundi,1997,0
Cambodia,1997,0
Cameroon,1997,0
Canada,1997,0
Cape Verde,1997,0
Central African Republic,1997,0
Chad,1997,356000
Chile,1997,0
China,1997,0
Colombia,1997,0
Comoros,1997,0
"Congo, Dem. Rep.",1997,0
"Congo, Rep.",1997,0
Costa Rica,1997,0
Cote d'Ivoire,1997,0
Croatia,1997,0
Cuba,1997,0
Cyprus,1997,0
Denmark,1997,0
Djibouti,1997,0
Ecuador,1997,34000
El Salvador,1997,0
Eritrea,1997,0
Eswatini,1997,0
Ethiopia,1997,986000
Fiji,1997,0
France,1997,0
Gambia,1997,0
Georgia,1997,0
Ghana,1997,0
Greece,1997,0
Guatemala,1997,0
Guinea,1997,0
Guinea-Bissau,1997,0
Guyana,1997,607000
Haiti,1997,0
Honduras,1997,0
Hungary,1997,0
India,1997,0
Indonesia,1997,1070000
Iran,1997,0
Iraq,1997,0
Israel,1997,0
Italy,1997,0
Jamaica,1997,0
Japan,1997,0
Jordan,1997,0
Kenya,1997,0
Kiribati,1997,0
Lao,1997,0
Lesotho,1997,0
Liberia,1997,0
Lithuania,1997,0
Madagascar,1997,0
Malawi,1997,0
Malaysia,1997,0
Mali,1997,0
Mauritania,1997,21400
Mauritius,1997,0
Mexico,1997,0
"Micronesia, Fed. Sts.",1997,0
Moldova,1997,0
Mongolia,1997,0
Morocco,1997,0
Mozambique,1997,0
Namibia,1997,0
Nepal,1997,0
New Zealand,1997,0
Nicaragua,1997,290000
Niger,1997,8500
Nigeria,1997,0
North Macedonia,1997,0
Pakistan,1997,0
Panama,1997,0
Papua New Guinea,1997,500000
Paraguay,1997,0
Peru,1997,0
Philippines,1997,0
Portugal,1997,0
Romania,1997,0
Russia,1997,0
Rwanda,1997,0
Sao Tome and Principe,1997,0
Senegal,1997,0
Solomon Islands,1997,0
Somalia,1997,0
South Africa,1997,0
South Korea,1997,0
Spain,1997,0
Sri Lanka,1997,0
Sudan,1997,0
Syria,1997,0
Tajikistan,1997,0
Tanzania,1997,0
Thailand,1997,0
Timor-Leste,1997,0
Togo,1997,0
Tunisia,1997,0
Uganda,1997,0
United States,1997,0
Uruguay,1997,0
Uzbekistan,1997,0
Vietnam,1997,3000000
Zambia,1997,0
Zimbabwe,1997,0
Afghanistan,1998,0
Albania,1998,0
Algeria,1998,0
Angola,1998,0
Antigua and Barbuda,1998,0
Argentina,1998,0
Armenia,1998,0
Australia,1998,0
Azerbaijan,1998,0
Bangladesh,1998,0
Belgium,1998,0
Benin,1998,0
Bolivia,1998,0
Bosnia and Herzegovina,1998,0
Botswana,1998,0
Brazil,1998,10000000
Bulgaria,1998,0
Burkina Faso,1998,20700
Burundi,1998,0
Cambodia,1998,0
Cameroon,1998,0
Canada,1998,0
Cape Verde,1998,10000
Central African Republic,1998,0
Chad,1998,0
Chile,1998,0
China,1998,0
Colombia,1998,100000
Comoros,1998,0
"Congo, Dem. Rep.",1998,0
"Congo, Rep.",1998,0
Costa Rica,1998,0
Cote d'Ivoire,1998,0
Croatia,1998,0
Cuba,1998,820000
Cyprus,1998,0
Denmark,1998,0
Djibouti,1998,0
Ecuador,1998,0
El Salvador,1998,0
Eritrea,1998,0
Eswatini,1998,0
Ethiopia,1998,0
Fiji,1998,264000
France,1998,0
Gambia,1998,0
Georgia,1998,0
Ghana,1998,0
Greece,1998,0
Guatemala,1998,0
Guinea,1998,12
Guinea-Bissau,1998,0
Guyana,1998,0
Haiti,1998,0
Honduras,1998,0
Hungary,1998,0
India,1998,0
Indonesia,1998,0
Iran,1998,0
Iraq,1998,0
Israel,1998,0
Italy,1998,0
Jamaica,1998,0
Japan,1998,0
Jordan,1998,0
Kenya,1998,0
Kiribati,1998,0
Lao,1998,0
Lesotho,1998,0
Liberia,1998,0
Lithuania,1998,0
Madagascar,1998,0
Malawi,1998,0
Malaysia,1998,5000
Mali,1998,0
Mauritania,1998,0
Mauritius,1998,0
Mexico,1998,0
"Micronesia, Fed. Sts.",1998,28800
Moldova,1998,0
Mongolia,1998,0
Morocco,1998,0
Mozambique,1998,0
Namibia,1998,25000
Nepal,1998,0
New Zealand,1998,0
Nicaragua,1998,0
Niger,1998,0
Nigeria,1998,0
North Macedonia,1998,0
Pakistan,1998,0
Panama,1998,0
Papua New Guinea,1998,0
Paraguay,1998,0
Peru,1998,0
Philippines,1998,2600000
Portugal,1998,0
Romania,1998,0
Russia,1998,0
Rwanda,1998,0
Sao Tome and Principe,1998,0
Senegal,1998,0
Solomon Islands,1998,380
Somalia,1998,0
South Africa,1998,0
South Korea,1998,0
Spain,1998,0
Sri Lanka,1998,0
Sudan,1998,0
Syria,1998,0
Tajikistan,1998,0
Tanzania,1998,0
Thailand,1998,0
Timor-Leste,1998,0
Togo,1998,0
Tunisia,1998,0
Uganda,1998,126000
United States,1998,0
Uruguay,1998,0
Uzbekistan,1998,0
Vietnam,1998,0
Zambia,1998,0
Zimbabwe,1998,55000
Afghanistan,1999,0
Albania,1999,0
Algeria,1999,0
Angola,1999,0
Antigua and Barbuda,1999,0
Argentina,1999,0
Armenia,1999,0
Australia,1999,0
Azerbaijan,1999,0
Bangladesh,1999,0
Belgium,1999,0
Benin,1999,0
Bolivia,1999,0
Bosnia and Herzegovina,1999,0
Botswana,1999,0
Brazil,1999,0
Bulgaria,1999,0
Burkina Faso,1999,0
Burundi,1999,650000
Cambodia,1999,0
Cameroon,1999,0
Canada,1999,0
Cape Verde,1999,0
Central African Republic,1999,0
Chad,1999,0
Chile,1999,0
China,1999,19000000
Colombia,1999,0
Comoros,1999,0
"Congo, Dem. Rep.",1999,0
"Congo, Rep.",1999,0
Costa Rica,1999,0
Cote d'Ivoire,1999,0
Croatia,1999,0
Cuba,1999,0
Cyprus,1999,0
Denmark,1999,0
Djibouti,1999,100000
Ecuador,1999,0
El Salvador,1999,0
Eritrea,1999,2300000
Eswatini,1999,0
Ethiopia,1999,4900000
Fiji,1999,0
France,1999,0
Gambia,1999,0
Georgia,1999,0
Ghana,1999,0
Greece,1999,0
Guatemala,1999,0
Guinea,1999,0
Guinea-Bissau,1999,0
Guyana,1999,0
Haiti,1999,0
Honduras,1999,0
Hungary,1999,0
India,1999,0
Indonesia,1999,0
Iran,1999,37000000
Iraq,1999,0
Israel,1999,0
Italy,1999,0
Jamaica,1999,0
Japan,1999,0
Jordan,1999,180000
Kenya,1999,23000000
Kiribati,1999,84000
Lao,1999,20000
Lesotho,1999,0
Liberia,1999,0
Lithuania,1999,0
Madagascar,1999,0
Malawi,1999,0
Malaysia,1999,0
Mali,1999,0
Mauritania,1999,0
Mauritius,1999,0
Mexico,1999,65000
"Micronesia, Fed. Sts.",1999,0
Moldova,1999,0
Mongolia,1999,0
Morocco,1999,275000
Mozambique,1999,0
Namibia,1999,0
Nepal,1999,0
New Zealand,1999,0
Nicaragua,1999,0
Niger,1999,0
Nigeria,1999,0
North Macedonia,1999,0
Pakistan,1999,2200000
Panama,1999,0
Papua New Guinea,1999,0
Paraguay,1999,40000
Peru,1999,0
Philippines,1999,0
Portugal,1999,0
Romania,1999,0
Russia,1999,0
Rwanda,1999,895000
Sao Tome and Principe,1999,0
Senegal,1999,0
Solomon Islands,1999,0
Somalia,1999,1200000
South Africa,1999,0
South Korea,1999,0
Spain,1999,0
Sri Lanka,1999,0
Sudan,1999,2000000
Syria,1999,329000
Tajikistan,1999,0
Tanzania,1999,0
Thailand,1999,6000000
Timor-Leste,1999,0
Togo,1999,0
Tunisia,1999,0
Uganda,1999,700000
United States,1999,0
Uruguay,1999,0
Uzbekistan,1999,0
Vietnam,1999,1400000
Zambia,1999,0
Zimbabwe,1999,0
Afghanistan,2000,2580000
Albania,2000,0
Algeria,2000,0
Angola,2000,0
Antigua and Barbuda,2000,0
Argentina,2000,0
Armenia,2000,297000
Australia,2000,0
Azerbaijan,2000,0
Bangladesh,2000,0
Belgium,2000,0
Benin,2000,0
Bolivia,2000,20000
Bosnia and Herzegovina,2000,0
Botswana,2000,0
Brazil,2000,0
Bulgaria,2000,0
Burkina Faso,2000,0
Burundi,2000,0
Cambodia,2000,0
Cameroon,2000,0
Canada,2000,0
Cape Verde,2000,0
Central African Republic,2000,0
Chad,2000,0
Chile,2000,0
China,2000,20000000
Colombia,2000,0
Comoros,2000,0
"Congo, Dem. Rep.",2000,0
"Congo, Rep.",2000,0
Costa Rica,2000,0
Cote d'Ivoire,2000,0
Croatia,2000,0
Cuba,2000,0
Cyprus,2000,0
Denmark,2000,0
Djibouti,2000,0
Ecuador,2000,0
El Salvador,2000,0
Eritrea,2000,0
Eswatini,2000,0
Ethiopia,2000,0
Fiji,2000,0
France,2000,0
Gambia,2000,0
Georgia,2000,696000
Ghana,2000,0
Greece,2000,0
Guatemala,2000,0
Guinea,2000,0
Guinea-Bissau,2000,0
Guyana,2000,0
Haiti,2000,0
Honduras,2000,1130
Hungary,2000,0
India,2000,50000000
Indonesia,2000,0
Iran,2000,0
Iraq,2000,0
Israel,2000,0
Italy,2000,0
Jamaica,2000,0
Japan,2000,0
Jordan,2000,150000
Kenya,2000,0
Kiribati,2000,0
Lao,2000,0
Lesotho,2000,0
Liberia,2000,0
Lithuania,2000,0
Madagascar,2000,231000
Malawi,2000,0
Malaysia,2000,0
Mali,2000,0
Mauritania,2000,0
Mauritius,2000,0
Mexico,2000,0
"Micronesia, Fed. Sts.",2000,0
Moldova,2000,2
Mongolia,2000,450000
Morocco,2000,0
Mozambique,2000,0
Namibia,2000,0
Nepal,2000,0
New Zealand,2000,0
Nicaragua,2000,0
Niger,2000,0
Nigeria,2000,0
North Macedonia,2000,0
Pakistan,2000,0
Panama,2000,0
Papua New Guinea,2000,0
Paraguay,2000,0
Peru,2000,0
Philippines,2000,0
Portugal,2000,0
Romania,2000,0
Russia,2000,0
Rwanda,2000,0
Sao Tome and Principe,2000,0
Senegal,2000,0
Solomon Islands,2000,0
Somalia,2000,0
South Africa,2000,0
South Korea,2000,0
Spain,2000,0
Sri Lanka,2000,0
Sudan,2000,0
Syria,2000,0
Tajikistan,2000,3000000
Tanzania,2000,0
Thailand,2000,0
Timor-Leste,2000,0
Togo,2000,0
Tunisia,2000,0
Uganda,2000,0
United States,2000,0
Uruguay,2000,0
Uzbekistan,2000,600000
Vietnam,2000,0
Zambia,2000,0
Zimbabwe,2000,0
Afghanistan,2001,0
Albania,2001,0
Algeria,2001,0
Angola,2001,58
Antigua and Barbuda,2001,0
Argentina,2001,0
Armenia,2001,0
Australia,2001,0
Azerbaijan,2001,0
Bangladesh,2001,0
Belgium,2001,0
Benin,2001,0
Bolivia,2001,0
Bosnia and Herzegovina,2001,0
Botswana,2001,0
Brazil,2001,1000000
Bulgaria,2001,0
Burkina Faso,2001,0
Burundi,2001,0
Cambodia,2001,300000
Cameroon,2001,0
Canada,2001,0
Cape Verde,2001,0
Central African Republic,2001,0
Chad,2001,800000
Chile,2001,0
China,2001,16300000
Colombia,2001,0
Comoros,2001,0
"Congo, Dem. Rep.",2001,0
"Congo, Rep.",2001,0
Costa Rica,2001,0
Cote d'Ivoire,2001,0
Croatia,2001,0
Cuba,2001,0
Cyprus,2001,0
Denmark,2001,0
Djibouti,2001,0
Ecuador,2001,0
El Salvador,2001,400000
Eritrea,2001,0
Eswatini,2001,970000
Ethiopia,2001,0
Fiji,2001,0
France,2001,0
Gambia,2001,0
Georgia,2001,0
Ghana,2001,0
Greece,2001,0
Guatemala,2001,114000
Guinea,2001,0
Guinea-Bissau,2001,0
Guyana,2001,0
Haiti,2001,0
Honduras,2001,195000
Hungary,2001,0
India,2001,0
Indonesia,2001,0
Iran,2001,0
Iraq,2001,0
Israel,2001,0
Italy,2001,0
Jamaica,2001,0
Japan,2001,0
Jordan,2001,0
Kenya,2001,0
Kiribati,2001,0
Lao,2001,0
Lesotho,2001,0
Liberia,2001,0
Lithuania,2001,0
Madagascar,2001,0
Malawi,2001,0
Malaysia,2001,0
Mali,2001,0
Mauritania,2001,1000000
Mauritius,2001,0
Mexico,2001,0
"Micronesia, Fed. Sts.",2001,0
Moldova,2001,0
Mongolia,2001,0
Morocco,2001,0
Mozambique,2001,700000
Namibia,2001,0
Nepal,2001,0
New Zealand,2001,0
Nicaragua,2001,188000
Niger,2001,3590000
Nigeria,2001,0
North Macedonia,2001,0
Pakistan,2001,0
Panama,2001,0
Papua New Guinea,2001,0
Paraguay,2001,0
Peru,2001,0
Philippines,2001,0
Portugal,2001,0
Romania,2001,0
Russia,2001,0
Rwanda,2001,0
Sao Tome and Principe,2001,0
Senegal,2001,0
Solomon Islands,2001,0
Somalia,2001,0
South Africa,2001,0
South Korea,2001,0
Spain,2001,0
Sri Lanka,2001,1000000
Sudan,2001,0
Syria,2001,0
Tajikistan,2001,0
Tanzania,2001,0
Thailand,2001,0
Timor-Leste,2001,0
Togo,2001,0
Tunisia,2001,0
Uganda,2001,0
United States,2001,0
Uruguay,2001,0
Uzbekistan,2001,0
Vietnam,2001,0
Zambia,2001,0
Zimbabwe,2001,6000000
Afghanistan,2002,0
Albania,2002,0
Algeria,2002,0
Angola,2002,0
Antigua and Barbuda,2002,0
Argentina,2002,0
Armenia,2002,0
Australia,2002,0
Azerbaijan,2002,0
Bangladesh,2002,0
Belgium,2002,0
Benin,2002,0
Bolivia,2002,0
Bosnia and Herzegovina,2002,0
Botswana,2002,0
Brazil,2002,0
Bulgaria,2002,0
Burkina Faso,2002,0
Burundi,2002,0
Cambodia,2002,650000
Cameroon,2002,0
Canada,2002,0
Cape Verde,2002,30000
Central African Republic,2002,0
Chad,2002,0
Chile,2002,0
China,2002,64600000
Colombia,2002,0
Comoros,2002,0
"Congo, Dem. Rep.",2002,0
"Congo, Rep.",2002,0
Costa Rica,2002,0
Cote d'Ivoire,2002,0
Croatia,2002,0
Cuba,2002,0
Cyprus,2002,0
Denmark,2002,0
Djibouti,2002,0
Ecuador,2002,0
El Salvador,2002,0
Eritrea,2002,0
Eswatini,2002,0
Ethiopia,2002,0
Fiji,2002,0
France,2002,0
Gambia,2002,0
Georgia,2002,0
Ghana,2002,0
Greece,2002,0
Guatemala,2002,0
Guinea,2002,0
Guinea-Bissau,2002,100000
Guyana,2002,0
Haiti,2002,0
Honduras,2002,82000
Hungary,2002,0
India,2002,300000000
Indonesia,2002,0
Iran,2002,0
Iraq,2002,0
Israel,2002,0
Italy,2002,0
Jamaica,2002,0
Japan,2002,0
Jordan,2002,0
Kenya,2002,0
Kiribati,2002,0
Lao,2002,0
Lesotho,2002,500000
Liberia,2002,0
Lithuania,2002,0
Madagascar,2002,600000
Malawi,2002,2830000
Malaysia,2002,0
Mali,2002,0
Mauritania,2002,0
Mauritius,2002,0
Mexico,2002,0
"Micronesia, Fed. Sts.",2002,0
Moldova,2002,0
Mongolia,2002,0
Morocco,2002,0
Mozambique,2002,0
Namibia,2002,345000
Nepal,2002,0
New Zealand,2002,0
Nicaragua,2002,0
Niger,2002,0
Nigeria,2002,0
North Macedonia,2002,0
Pakistan,2002,0
Panama,2002,0
Papua New Guinea,2002,0
Paraguay,2002,0
Peru,2002,21500
Philippines,2002,0
Portugal,2002,0
Romania,2002,0
Russia,2002,0
Rwanda,2002,0
Sao Tome and Principe,2002,0
Senegal,2002,284000
Solomon Islands,2002,0
Somalia,2002,0
South Africa,2002,0
South Korea,2002,0
Spain,2002,0
Sri Lanka,2002,0
Sudan,2002,0
Syria,2002,0
Tajikistan,2002,0
Tanzania,2002,0
Thailand,2002,5000000
Timor-Leste,2002,0
Togo,2002,0
Tunisia,2002,0
Uganda,2002,655000
United States,2002,0
Uruguay,2002,0
Uzbekistan,2002,0
Vietnam,2002,1300000
Zambia,2002,0
Zimbabwe,2002,0
Afghanistan,2003,0
Albania,2003,0
Algeria,2003,0
Angola,2003,0
Antigua and Barbuda,2003,0
Argentina,2003,0
Armenia,2003,0
Australia,2003,0
Azerbaijan,2003,0
Bangladesh,2003,0
Belgium,2003,0
Benin,2003,0
Bolivia,2003,0
Bosnia and Herzegovina,2003,62600
Botswana,2003,0
Brazil,2003,0
Bulgaria,2003,0
Burkina Faso,2003,0
Burundi,2003,0
Cambodia,2003,0
Cameroon,2003,0
Canada,2003,0
Cape Verde,2003,0
Central African Republic,2003,0
Chad,2003,0
Chile,2003,0
China,2003,51000000
Colombia,2003,0
Comoros,2003,0
"Congo, Dem. Rep.",2003,0
"Congo, Rep.",2003,0
Costa Rica,2003,0
Cote d'Ivoire,2003,0
Croatia,2003,0
Cuba,2003,0
Cyprus,2003,0
Denmark,2003,0
Djibouti,2003,0
Ecuador,2003,0
El Salvador,2003,0
Eritrea,2003,0
Eswatini,2003,0
Ethiopia,2003,12600000
Fiji,2003,0
France,2003,0
Gambia,2003,0
Georgia,2003,0
Ghana,2003,0
Greece,2003,0
Guatemala,2003,0
Guinea,2003,0
Guinea-Bissau,2003,0
Guyana,2003,0
Haiti,2003,35000
Honduras,2003,0
Hungary,2003,0
India,2003,0
Indonesia,2003,15000
Iran,2003,0
Iraq,2003,0
Israel,2003,0
Italy,2003,0
Jamaica,2003,0
Japan,2003,0
Jordan,2003,0
Kenya,2003,0
Kiribati,2003,0
Lao,2003,0
Lesotho,2003,0
Liberia,2003,0
Lithuania,2003,0
Madagascar,2003,0
Malawi,2003,0
Malaysia,2003,0
Mali,2003,0
Mauritania,2003,0
Mauritius,2003,0
Mexico,2003,0
"Micronesia, Fed. Sts.",2003,0
Moldova,2003,0
Mongolia,2003,0
Morocco,2003,0
Mozambique,2003,120000
Namibia,2003,0
Nepal,2003,0
New Zealand,2003,0
Nicaragua,2003,0
Niger,2003,0
Nigeria,2003,0
North Macedonia,2003,0
Pakistan,2003,0
Panama,2003,0
Papua New Guinea,2003,0
Paraguay,2003,0
Peru,2003,0
Philippines,2003,0
Portugal,2003,0
Romania,2003,0
Russia,2003,1000000
Rwanda,2003,1000000
Sao Tome and Principe,2003,0
Senegal,2003,0
Solomon Islands,2003,0
Somalia,2003,0
South Africa,2003,0
South Korea,2003,0
Spain,2003,0
Sri Lanka,2003,0
Sudan,2003,0
Syria,2003,0
Tajikistan,2003,0
Tanzania,2003,1900000
Thailand,2003,0
Timor-Leste,2003,0
Togo,2003,0
Tunisia,2003,0
Uganda,2003,0
United States,2003,0
Uruguay,2003,0
Uzbekistan,2003,0
Vietnam,2003,0
Zambia,2003,0
Zimbabwe,2003,0
Afghanistan,2004,0
Albania,2004,0
Algeria,2004,0
Angola,2004,25000
Antigua and Barbuda,2004,0
Argentina,2004,0
Armenia,2004,0
Australia,2004,0
Azerbaijan,2004,0
Bangladesh,2004,0
Belgium,2004,0
Benin,2004,0
Bolivia,2004,55000
Bosnia and Herzegovina,2004,0
Botswana,2004,0
Brazil,2004,0
Bulgaria,2004,0
Burkina Faso,2004,0
Burundi,2004,0
Cambodia,2004,0
Cameroon,2004,0
Canada,2004,0
Cape Verde,2004,0
Central African Republic,2004,0
Chad,2004,0
Chile,2004,0
China,2004,0
Colombia,2004,0
Comoros,2004,0
"Congo, Dem. Rep.",2004,0
"Congo, Rep.",2004,0
Costa Rica,2004,0
Cote d'Ivoire,2004,0
Croatia,2004,0
Cuba,2004,0
Cyprus,2004,0
Denmark,2004,0
Djibouti,2004,0
Ecuador,2004,0
El Salvador,2004,0
Eritrea,2004,0
Eswatini,2004,0
Ethiopia,2004,0
Fiji,2004,0
France,2004,0
Gambia,2004,0
Georgia,2004,0
Ghana,2004,0
Greece,2004,0
Guatemala,2004,0
Guinea,2004,0
Guinea-Bissau,2004,0
Guyana,2004,0
Haiti,2004,0
Honduras,2004,138000
Hungary,2004,0
India,2004,0
Indonesia,2004,0
Iran,2004,0
Iraq,2004,0
Israel,2004,0
Italy,2004,0
Jamaica,2004,0
Japan,2004,0
Jordan,2004,0
Kenya,2004,2300000
Kiribati,2004,0
Lao,2004,0
Lesotho,2004,0
Liberia,2004,0
Lithuania,2004,0
Madagascar,2004,0
Malawi,2004,0
Malaysia,2004,0
Mali,2004,0
Mauritania,2004,0
Mauritius,2004,0
Mexico,2004,0
"Micronesia, Fed. Sts.",2004,0
Moldova,2004,0
Mongolia,2004,0
Morocco,2004,0
Mozambique,2004,0
Namibia,2004,0
Nepal,2004,0
New Zealand,2004,0
Nicaragua,2004,0
Niger,2004,0
Nigeria,2004,0
North Macedonia,2004,0
Pakistan,2004,0
Panama,2004,0
Papua New Guinea,2004,0
Paraguay,2004,0
Peru,2004,0
Philippines,2004,0
Portugal,2004,0
Romania,2004,0
Russia,2004,0
Rwanda,2004,0
Sao Tome and Principe,2004,0
Senegal,2004,0
Solomon Islands,2004,0
Somalia,2004,200000
South Africa,2004,15000000
South Korea,2004,0
Spain,2004,0
Sri Lanka,2004,0
Sudan,2004,0
Syria,2004,0
Tajikistan,2004,0
Tanzania,2004,254000
Thailand,2004,0
Timor-Leste,2004,0
Togo,2004,0
Tunisia,2004,0
Uganda,2004,0
United States,2004,0
Uruguay,2004,0
Uzbekistan,2004,0
Vietnam,2004,0
Zambia,2004,0
Zimbabwe,2004,0
Afghanistan,2005,0
Albania,2005,0
Algeria,2005,12
Angola,2005,0
Antigua and Barbuda,2005,0
Argentina,2005,0
Armenia,2005,0
Australia,2005,0
Azerbaijan,2005,0
Bangladesh,2005,0
Belgium,2005,0
Benin,2005,0
Bolivia,2005,0
Bosnia and Herzegovina,2005,0
Botswana,2005,0
Brazil,2005,0
Bulgaria,2005,0
Burkina Faso,2005,0
Burundi,2005,2150000
Cambodia,2005,600000
Cameroon,2005,0
Canada,2005,0
Cape Verde,2005,0
Central African Republic,2005,0
Chad,2005,0
Chile,2005,0
China,2005,7770000
Colombia,2005,0
Comoros,2005,0
"Congo, Dem. Rep.",2005,0
"Congo, Rep.",2005,0
Costa Rica,2005,0
Cote d'Ivoire,2005,0
Croatia,2005,0
Cuba,2005,0
Cyprus,2005,0
Denmark,2005,0
Djibouti,2005,150000
Ecuador,2005,0
El Salvador,2005,0
Eritrea,2005,0
Eswatini,2005,0
Ethiopia,2005,2600000
Fiji,2005,0
France,2005,0
Gambia,2005,0
Georgia,2005,0
Ghana,2005,0
Greece,2005,0
Guatemala,2005,0
Guinea,2005,0
Guinea-Bissau,2005,0
Guyana,2005,0
Haiti,2005,0
Honduras,2005,0
Hungary,2005,0
India,2005,0
Indonesia,2005,0
Iran,2005,0
Iraq,2005,0
Israel,2005,0
Italy,2005,0
Jamaica,2005,0
Japan,2005,0
Jordan,2005,0
Kenya,2005,3500000
Kiribati,2005,0
Lao,2005,0
Lesotho,2005,0
Liberia,2005,0
Lithuania,2005,0
Madagascar,2005,14000
Malawi,2005,5100000
Malaysia,2005,0
Mali,2005,1000000
Mauritania,2005,0
Mauritius,2005,0
Mexico,2005,0
"Micronesia, Fed. Sts.",2005,0
Moldova,2005,0
Mongolia,2005,0
Morocco,2005,0
Mozambique,2005,1400000
Namibia,2005,0
Nepal,2005,0
New Zealand,2005,0
Nicaragua,2005,0
Niger,2005,3000000
Nigeria,2005,0
North Macedonia,2005,0
Pakistan,2005,0
Panama,2005,0
Papua New Guinea,2005,0
Paraguay,2005,53000
Peru,2005,0
Philippines,2005,0
Portugal,2005,0
Romania,2005,0
Russia,2005,0
Rwanda,2005,0
Sao Tome and Principe,2005,0
Senegal,2005,0
Solomon Islands,2005,0
Somalia,2005,2
South Africa,2005,0
South Korea,2005,0
Spain,2005,0
Sri Lanka,2005,0
Sudan,2005,0
Syria,2005,0
Tajikistan,2005,0
Tanzania,2005,0
Thailand,2005,0
Timor-Leste,2005,0
Togo,2005,0
Tunisia,2005,0
Uganda,2005,600000
United States,2005,0
Uruguay,2005,0
Uzbekistan,2005,0
Vietnam,2005,410000
Zambia,2005,1200000
Zimbabwe,2005,0
Afghanistan,2006,1900000
Albania,2006,0
Algeria,2006,0
Angola,2006,0
Antigua and Barbuda,2006,0
Argentina,2006,0
Armenia,2006,0
Australia,2006,0
Azerbaijan,2006,0
Bangladesh,2006,0
Belgium,2006,0
Benin,2006,0
Bolivia,2006,0
Bosnia and Herzegovina,2006,0
Botswana,2006,0
Brazil,2006,0
Bulgaria,2006,0
Burkina Faso,2006,0
Burundi,2006,0
Cambodia,2006,0
Cameroon,2006,0
Canada,2006,0
Cape Verde,2006,0
Central African Republic,2006,0
Chad,2006,0
Chile,2006,0
China,2006,18000000
Colombia,2006,0
Comoros,2006,0
"Congo, Dem. Rep.",2006,0
"Congo, Rep.",2006,0
Costa Rica,2006,0
Cote d'Ivoire,2006,0
Croatia,2006,0
Cuba,2006,0
Cyprus,2006,0
Denmark,2006,0
Djibouti,2006,0
Ecuador,2006,0
El Salvador,2006,0
Eritrea,2006,0
Eswatini,2006,0
Ethiopia,2006,0
Fiji,2006,0
France,2006,0
Gambia,2006,0
Georgia,2006,0
Ghana,2006,0
Greece,2006,0
Guatemala,2006,0
Guinea,2006,0
Guinea-Bissau,2006,32000
Guyana,2006,0
Haiti,2006,0
Honduras,2006,0
Hungary,2006,0
India,2006,0
Indonesia,2006,0
Iran,2006,0
Iraq,2006,0
Israel,2006,0
Italy,2006,0
Jamaica,2006,0
Japan,2006,0
Jordan,2006,0
Kenya,2006,0
Kiribati,2006,0
Lao,2006,0
Lesotho,2006,0
Liberia,2006,0
Lithuania,2006,0
Madagascar,2006,0
Malawi,2006,0
Malaysia,2006,0
Mali,2006,25000
Mauritania,2006,0
Mauritius,2006,0
Mexico,2006,0
"Micronesia, Fed. Sts.",2006,0
Moldova,2006,0
Mongolia,2006,0
Morocco,2006,0
Mozambique,2006,0
Namibia,2006,0
Nepal,2006,200000
New Zealand,2006,0
Nicaragua,2006,0
Niger,2006,0
Nigeria,2006,0
North Macedonia,2006,0
Pakistan,2006,0
Panama,2006,0
Papua New Guinea,2006,0
Paraguay,2006,0
Peru,2006,0
Philippines,2006,0
Portugal,2006,0
Romania,2006,0
Russia,2006,0
Rwanda,2006,0
Sao Tome and Principe,2006,0
Senegal,2006,0
Solomon Islands,2006,0
Somalia,2006,0
South Africa,2006,0
South Korea,2006,0
Spain,2006,0
Sri Lanka,2006,0
Sudan,2006,0
Syria,2006,0
Tajikistan,2006,0
Tanzania,2006,0
Thailand,2006,0
Timor-Leste,2006,0
Togo,2006,0
Tunisia,2006,0
Uganda,2006,0
United States,2006,0
Uruguay,2006,0
Uzbekistan,2006,0
Vietnam,2006,0
Zambia,2006,0
Zimbabwe,2006,0
Afghanistan,2007,0
Albania,2007,0
Algeria,2007,0
Angola,2007,0
Antigua and Barbuda,2007,0
Argentina,2007,0
Armenia,2007,0
Australia,2007,0
Azerbaijan,2007,0
Bangladesh,2007,0
Belgium,2007,0
Benin,2007,0
Bolivia,2007,0
Bosnia and Herzegovina,2007,0
Botswana,2007,0
Brazil,2007,1000000
Bulgaria,2007,0
Burkina Faso,2007,0
Burundi,2007,0
Cambodia,2007,0
Cameroon,2007,0
Canada,2007,0
Cape Verde,2007,0
Central African Republic,2007,0
Chad,2007,0
Chile,2007,0
China,2007,0
Colombia,2007,0
Comoros,2007,0
"Congo, Dem. Rep.",2007,0
"Congo, Rep.",2007,0
Costa Rica,2007,0
Cote d'Ivoire,2007,0
Croatia,2007,0
Cuba,2007,0
Cyprus,2007,0
Denmark,2007,0
Djibouti,2007,42800
Ecuador,2007,0
El Salvador,2007,0
Eritrea,2007,0
Eswatini,2007,410000
Ethiopia,2007,0
Fiji,2007,0
France,2007,0
Gambia,2007,0
Georgia,2007,0
Ghana,2007,0
Greece,2007,0
Guatemala,2007,0
Guinea,2007,0
Guinea-Bissau,2007,0
Guyana,2007,0
Haiti,2007,0
Honduras,2007,0
Hungary,2007,0
India,2007,0
Indonesia,2007,0
Iran,2007,0
Iraq,2007,0
Israel,2007,0
Italy,2007,0
Jamaica,2007,0
Japan,2007,0
Jordan,2007,0
Kenya,2007,0
Kiribati,2007,0
Lao,2007,0
Lesotho,2007,475000
Liberia,2007,0
Lithuania,2007,0
Madagascar,2007,0
Malawi,2007,520000
Malaysia,2007,0
Mali,2007,0
Mauritania,2007,0
Mauritius,2007,0
Mexico,2007,0
"Micronesia, Fed. Sts.",2007,0
Moldova,2007,210000
Mongolia,2007,0
Morocco,2007,0
Mozambique,2007,520000
Namibia,2007,0
Nepal,2007,0
New Zealand,2007,0
Nicaragua,2007,0
Niger,2007,0
Nigeria,2007,0
North Macedonia,2007,0
Pakistan,2007,0
Panama,2007,0
Papua New Guinea,2007,0
Paraguay,2007,0
Peru,2007,0
Philippines,2007,0
Portugal,2007,0
Romania,2007,0
Russia,2007,0
Rwanda,2007,0
Sao Tome and Principe,2007,0
Senegal,2007,0
Solomon Islands,2007,0
Somalia,2007,0
South Africa,2007,0
South Korea,2007,0
Spain,2007,0
Sri Lanka,2007,0
Sudan,2007,0
Syria,2007,0
Tajikistan,2007,0
Tanzania,2007,0
Thailand,2007,0
Timor-Leste,2007,0
Togo,2007,0
Tunisia,2007,0
Uganda,2007,0
United States,2007,0
Uruguay,2007,0
Uzbekistan,2007,0
Vietnam,2007,0
Zambia,2007,0
Zimbabwe,2007,2100000
Afghanistan,2008,280000
Albania,2008,0
Algeria,2008,0
Angola,2008,0
Antigua and Barbuda,2008,0
Argentina,2008,0
Armenia,2008,0
Australia,2008,0
Azerbaijan,2008,0
Bangladesh,2008,0
Belgium,2008,0
Benin,2008,0
Bolivia,2008,0
Bosnia and Herzegovina,2008,0
Botswana,2008,0
Brazil,2008,0
Bulgaria,2008,0
Burkina Faso,2008,0
Burundi,2008,0
Cambodia,2008,0
Cameroon,2008,0
Canada,2008,0
Cape Verde,2008,0
Central African Republic,2008,0
Chad,2008,0
Chile,2008,0
China,2008,0
Colombia,2008,0
Comoros,2008,0
"Congo, Dem. Rep.",2008,0
"Congo, Rep.",2008,0
Costa Rica,2008,0
Cote d'Ivoire,2008,0
Croatia,2008,0
Cuba,2008,0
Cyprus,2008,0
Denmark,2008,0
Djibouti,2008,340000
Ecuador,2008,0
El Salvador,2008,0
Eritrea,2008,1700000
Eswatini,2008,0
Ethiopia,2008,6400000
Fiji,2008,0
France,2008,0
Gambia,2008,0
Georgia,2008,0
Ghana,2008,0
Greece,2008,0
Guatemala,2008,0
Guinea,2008,0
Guinea-Bissau,2008,0
Guyana,2008,0
Haiti,2008,0
Honduras,2008,0
Hungary,2008,0
India,2008,0
Indonesia,2008,0
Iran,2008,0
Iraq,2008,0
Israel,2008,0
Italy,2008,0
Jamaica,2008,0
Japan,2008,0
Jordan,2008,0
Kenya,2008,1400000
Kiribati,2008,0
Lao,2008,0
Lesotho,2008,0
Liberia,2008,0
Lithuania,2008,0
Madagascar,2008,0
Malawi,2008,0
Malaysia,2008,0
Mali,2008,0
Mauritania,2008,0
Mauritius,2008,0
Mexico,2008,0
"Micronesia, Fed. Sts.",2008,0
Moldova,2008,0
Mongolia,2008,0
Morocco,2008,0
Mozambique,2008,500000
Namibia,2008,0
Nepal,2008,0
New Zealand,2008,0
Nicaragua,2008,0
Niger,2008,0
Nigeria,2008,0
North Macedonia,2008,0
Pakistan,2008,0
Panama,2008,0
Papua New Guinea,2008,0
Paraguay,2008,32500
Peru,2008,0
Philippines,2008,0
Portugal,2008,0
Romania,2008,0
Russia,2008,0
Rwanda,2008,0
Sao Tome and Principe,2008,0
Senegal,2008,0
Solomon Islands,2008,0
Somalia,2008,3300000
South Africa,2008,0
South Korea,2008,0
Spain,2008,0
Sri Lanka,2008,0
Sudan,2008,0
Syria,2008,1000000
Tajikistan,2008,800000
Tanzania,2008,0
Thailand,2008,10000000
Timor-Leste,2008,0
Togo,2008,0
Tunisia,2008,0
Uganda,2008,750000
United States,2008,0
Uruguay,2008,0
Uzbekistan,2008,0
Vietnam,2008,0
Zambia,2008,0
Zimbabwe,2008,0
